heldout_corner,strategy,spice_queries,runs,median_delay_r2,q25_delay_r2,q75_delay_r2,median_delay_mae,q25_delay_mae,q75_delay_mae,median_power_r2,q25_power_r2,q75_power_r2,median_power_mae,q25_power_mae,q75_power_mae,median_worst_cell_delay_r2,q25_worst_cell_delay_r2,q75_worst_cell_delay_r2,median_spearman,q25_spearman,q75_spearman,median_top20_recall,q25_top20_recall,q75_top20_recall,median_ndcg_top20,q25_ndcg_top20,q75_ndcg_top20,median_cumulative_spice_wall_time_s,q25_cumulative_spice_wall_time_s,q75_cumulative_spice_wall_time_s,median_support_balance_range,q25_support_balance_range,q75_support_balance_range
ff,cell_balanced_random,0,5,0.3054777304678308,0.2923840660791119,0.3248022725299352,0.1174011236599826,0.1156234859537543,0.1182800458429904,0.9455420452200096,0.9447146424991938,0.9463847715503658,0.5632770015928816,0.5585113184592009,0.5718135834309892,-0.1887117101844644,-0.1970570683046004,-0.1865182604853337,0.9779971873901324,0.9779620297667878,0.9791310207429976,0.875,0.875,0.90625,0.9954312495620476,0.9952695492492613,0.9960236677821602,0.0,0.0,0.0,0.0,0.0,0.0
ff,cell_balanced_random,4,5,0.5320233036159991,0.5125302309772187,0.561338197094116,0.0903307906107608,0.0895123194573475,0.094192810644987,0.9458497121193824,0.9449733087991348,0.9472450109831496,0.5594737366905379,0.5550105030013018,0.5638763100086803,0.1316128441298536,0.1268728272833701,0.1735700651481609,0.980950427751084,0.9794327903433728,0.981592054377124,0.90625,0.875,0.90625,0.9959217631346516,0.995659774683572,0.9959437109303028,2.428397250012494,2.417760874988744,2.4342976250336505,0.0,0.0,0.0
ff,cell_balanced_random,8,5,0.5986668704804645,0.5944523224235971,0.6168794076325084,0.0803949321673828,0.0787904140473524,0.084286786965842,0.9469782481656216,0.9461072058469132,0.9487118680393836,0.5542497208593746,0.5463681768012154,0.5633842364431418,0.2089498332696884,0.1845643988136897,0.2908242210063394,0.9810295324036096,0.9775166998710888,0.9822278213992734,0.875,0.875,0.90625,0.9955736544652906,0.995513979715035,0.9958986587132423,4.81493045805837,4.797947957966244,4.842354958993383,0.0,0.0,0.0
ff,cell_balanced_random,12,5,0.7011426505524596,0.6585429044097598,0.7203889690500027,0.0708603893136718,0.0685623983857639,0.0731013733660807,0.9475455211806436,0.9461844251662304,0.947577278666864,0.5550413219053818,0.550304011161334,0.5697088174848082,0.3682519317496892,0.2081880030567705,0.4329076331569161,0.9794913863822804,0.9775694363061058,0.982148716746748,0.875,0.875,0.90625,0.9954862387226768,0.9950071496907408,0.9956536034820556,7.214467666955898,7.190725416090572,7.227475416962989,0.0,0.0,0.0
ff,cell_balanced_random,16,5,0.7532650053591659,0.7442400113697305,0.7603240270298565,0.0637268567633463,0.0618622515399088,0.0660378696704644,0.9464611996095104,0.9459073328648512,0.9477296946761956,0.5636396636588541,0.5524491981987849,0.5647206334982636,0.5533340037214475,0.4276997709359583,0.5965761759252106,0.9811877417086604,0.9795236142036798,0.9830598851517638,0.875,0.875,0.90625,0.9954694339244896,0.9948694168279436,0.9957789360899024,9.58069762410014,9.574470123974606,9.66852320995531,0.0,0.0,0.0
ff,cell_balanced_random,20,5,0.7495461635381737,0.7403612141880422,0.7693441638718567,0.0644724223997752,0.0609966557984158,0.0659594761337239,0.9482865790956574,0.94539342640424,0.949062692730862,0.5520288715538194,0.5384639770594619,0.5627363823893232,0.5362155465853584,0.438726439452443,0.5858012832821254,0.980481659439822,0.9799718739013242,0.9841409820696122,0.875,0.875,0.875,0.9958374766756264,0.9954587450556132,0.9958923854859943,11.973190707096364,11.946058581990656,12.090713000943651,0.0,0.0,0.0
ff,cell_balanced_random,24,5,0.7812413342468547,0.7752062669947533,0.7917531647872484,0.0593793102812174,0.0585469707576389,0.0604149675927952,0.9473111220726332,0.9446073070182996,0.9485320036362472,0.548715056990017,0.5447203694162319,0.566368649305555,0.605484885381131,0.5167366598664074,0.6062449136901875,0.9817707722957928,0.9786065861947734,0.9828840970350404,0.875,0.875,0.90625,0.9957336864779568,0.9953853836921934,0.9957442107340672,14.374764330073958,14.350504581991116,14.543308917956892,0.0,0.0,0.0
ff,cell_balanced_random,28,5,0.792383813299414,0.7774438536597614,0.7939409615133286,0.0566048223406807,0.0522912686547309,0.0590528642027778,0.9468771552595164,0.9464026496573192,0.948260720418698,0.5611916736783854,0.532437381046007,0.5616443774891493,0.5555015653380009,0.515312286734773,0.5894682149286352,0.9805021680534396,0.9799865229110511,0.9832356732684872,0.90625,0.875,0.90625,0.9956006632076052,0.9953221718111604,0.9956931795521026,16.77824207910453,16.766336830100045,16.907448001933517,0.0,0.0,0.0
ff,cell_balanced_random,32,5,0.8238051372505608,0.8203587486267365,0.8287084449611724,0.0511852866043402,0.0467676144880208,0.0518634149682446,0.9464327814945496,0.9464219768865088,0.9470962678434984,0.5580687638085932,0.5417529410546875,0.5584283585828991,0.6281389167477205,0.5860546101396027,0.6685805507871436,0.98148658150709,0.979063635298254,0.9829661314895114,0.90625,0.875,0.90625,0.9953360691471732,0.995024348156296,0.9964644151937307,19.189394205081044,19.175085872091586,19.318816250975942,0.0,0.0,0.0
ff,cell_balanced_random,36,5,0.8451529276959028,0.8259766854247429,0.8581651378716609,0.0482046791939019,0.0472514098359591,0.0498775260166387,0.947216476659514,0.9448481912643848,0.9503187933453352,0.537805249129774,0.5358992302473963,0.5625856429101564,0.7107480342147721,0.6587531857059274,0.714386412742344,0.9801945388491738,0.9787765147076056,0.9833440759404664,0.90625,0.875,0.90625,0.9952798042194848,0.9951097184859372,0.9964501264892563,21.62610149793909,21.592929498117883,21.71926650198293,0.0,0.0,0.0
ff,cell_balanced_random,40,5,0.8578331342724372,0.8491178576850306,0.8683190227430555,0.046453112196658,0.0446690082399956,0.0483670067738064,0.9496160955383124,0.9488784762990102,0.9504707930301056,0.540501804110243,0.5366548199891494,0.5526992292013889,0.7153670890187112,0.6658960132453737,0.7527153187132347,0.9791984061877416,0.9761748505801008,0.9849583968123756,0.875,0.875,0.875,0.9951565507034558,0.9951551178436072,0.9954980716003358,24.040447080973536,23.995060164132155,24.172027042950504,0.0,0.0,0.0
ff,cell_balanced_random,44,5,0.8748883899676784,0.8624195328757387,0.8970049537325884,0.0442049972894872,0.0398589145567925,0.0454675237492404,0.9498862001118374,0.9491586875832392,0.951994413194814,0.5416769584461806,0.521500859654948,0.5454979492730032,0.744289131411679,0.7433877700492602,0.8229645380781987,0.9811525840853156,0.9767608109691784,0.9849349583968122,0.875,0.875,0.875,0.9955292899607108,0.9954209896020748,0.995636775304582,26.482341163995443,26.442963122099172,26.605208416935056,0.0,0.0,0.0
ff,cell_balanced_random,48,5,0.8823714947111191,0.8694874994737843,0.9000549720204192,0.0420807601937934,0.0387417709504123,0.0432708666543836,0.95132827897633,0.9491396587172176,0.9516574761507264,0.5386027001345495,0.5193383479513891,0.5438238027464661,0.7821334855600168,0.7785458559121368,0.8387882152554728,0.980068557365522,0.9788439001523496,0.9861625454119302,0.875,0.875,0.875,0.9954740408891404,0.9954239950418772,0.9960810988592672,28.9153773310245,28.85569928906625,29.013767792930594,0.0,0.0,0.0
ff,cell_balanced_space_filling,0,5,0.3054777304678305,0.292384066079112,0.3248022725299352,0.1174011236599826,0.1156234859537543,0.1182800458429904,0.9455420452200096,0.9447146424991938,0.9463847715503658,0.5632770015928819,0.5585113184592009,0.5718135834309892,-0.1887117101844644,-0.1970570683046002,-0.1865182604853341,0.9779971873901324,0.9779620297667878,0.9791310207429976,0.875,0.875,0.90625,0.9954312495620476,0.9952695492492613,0.9960236677821602,0.0,0.0,0.0,0.0,0.0,0.0
ff,cell_balanced_space_filling,4,5,0.4110140763844971,0.3853027166972311,0.4212373117939406,0.1045704061030816,0.1031707048384548,0.1102509444521422,0.9450474800493138,0.944287457508474,0.946472523045698,0.5650825917978046,0.5535220102799473,0.5661876647200514,-0.031460452813957,-0.0528436627552955,0.0367260189904913,0.9782872377827256,0.9771768428454236,0.9785011133247392,0.875,0.875,0.875,0.9951262077468488,0.9928650915058442,0.9954922025081676,2.493869748985162,2.434586958028376,2.5511255010205787,0.0,0.0,0.0
ff,cell_balanced_space_filling,8,5,0.5556682502191024,0.4762161984613731,0.5691204638246771,0.0884521825860677,0.0878294267975043,0.0973307474158419,0.947088032852554,0.9454568809693596,0.9475163355158192,0.556380987773437,0.5513375856076388,0.5684032533376737,0.1663915441532193,0.1441156311447213,0.1709072439186862,0.9790577756943633,0.9780352748154226,0.9796818235087308,0.875,0.875,0.875,0.9947971876608552,0.9938693503239182,0.995551034130582,4.880663040996296,4.843807457014918,5.0250243750051595,0.0,0.0,0.0
ff,cell_balanced_space_filling,12,5,0.666164462688135,0.6227396768627401,0.69918101201963,0.0783437600178819,0.0702444822996962,0.0830825503726562,0.9468313198907709,0.9463755622838028,0.9473073647181878,0.5517219421093744,0.5509018934895831,0.5594247690538191,0.382233915310691,0.3784595131803643,0.4215693463443082,0.9804435720145316,0.979268721434431,0.9821633657564748,0.875,0.875,0.875,0.9951146543795756,0.994594662607044,0.9956624292908156,7.244316124968464,7.228717957012123,7.384800625994103,0.0,0.0,0.0
ff,cell_balanced_space_filling,16,5,0.6978978774283096,0.6812561361262262,0.6998811151539783,0.0737182453114366,0.0691425764547309,0.0744539369373264,0.946563432766282,0.9459633448599876,0.9474698309572916,0.561007289947916,0.5436868585069441,0.5637086951540796,0.429685039465445,0.389841583085305,0.4484387876604065,0.9807365522090706,0.9794298605414272,0.9819905074416968,0.875,0.875,0.90625,0.9952679661349142,0.9945891780572385,0.9962100797080712,9.598001582955476,9.586912539991316,9.758104834967526,0.0,0.0,0.0
ff,cell_balanced_space_filling,20,5,0.74970430388131,0.7411506177900875,0.7562338459381571,0.0634463957361111,0.0622658077077257,0.0635427533720485,0.9487789208493648,0.9480059066861984,0.9520583917580732,0.5452910304817704,0.5277012469118925,0.5554337024305559,0.535601644604794,0.4690716570204098,0.5392557155400455,0.9818996835813898,0.9796056486581508,0.9840032813781788,0.875,0.875,0.875,0.9954955226280056,0.9952780241852864,0.9965344572826038,11.99569654095103,11.98799974899157,12.156871834973572,0.0,0.0,0.0
ff,cell_balanced_space_filling,24,5,0.7763362609664548,0.7714704999578103,0.810223072252471,0.0591833001025173,0.0573011479149305,0.0611666454265841,0.9480464010386724,0.946550061054778,0.9493640601847316,0.5457477439691839,0.5440994959483503,0.5495209327039928,0.599987694024422,0.4719916215993989,0.6784931780150255,0.9824768545646314,0.9787032696589713,0.9838509316770184,0.875,0.875,0.875,0.9957469125220396,0.9950680100021692,0.9964608009918728,14.396910164970905,14.394854999904055,14.576782125950558,0.0,0.0,0.0
ff,cell_balanced_space_filling,28,5,0.8253512277463988,0.7976343011389913,0.8421631198835899,0.0523563896921224,0.0514559677994791,0.0539053749525173,0.9485963437665704,0.9472075007769036,0.9493802952826184,0.5507856682139749,0.5407741747070315,0.553417855980902,0.6011748803264256,0.5807898505481893,0.7033549628748199,0.9824006797140512,0.9778917145200984,0.9832386030704324,0.875,0.875,0.875,0.9954928373111286,0.9949054429437232,0.9964680291980416,16.807955040887464,16.794669163937215,16.99581612594193,0.0,0.0,0.0
ff,cell_balanced_space_filling,32,5,0.8281598575740199,0.8050002477849657,0.8594140435496815,0.0509655458160807,0.0499380454366505,0.0531765459009331,0.9480602751202212,0.9436464045998132,0.9494039617559518,0.5561054199131948,0.5248171662543402,0.5648364101323777,0.6162312189057739,0.6063092042553255,0.7383146642122658,0.9824182585257236,0.974290987929216,0.9836458455408416,0.875,0.875,0.90625,0.995506683859852,0.9954070261102134,0.9964526012521204,19.22275866585551,19.193747955927392,19.36753466792288,0.0,0.0,0.0
ff,cell_balanced_space_filling,36,5,0.850714740919711,0.8248799209883234,0.876077040587442,0.047223765317144,0.0465563333819227,0.0475909000596137,0.945063954180314,0.944420157850376,0.9505144165493224,0.5533944664713534,0.5391745250564236,0.5749658426258675,0.6527789944909295,0.6510389873418876,0.7491453899285587,0.9802824329075354,0.9760664479081216,0.9828635884214229,0.875,0.875,0.875,0.9953389533897056,0.9946568340038286,0.996359739860584,21.65340095682768,21.58649345804588,21.78781154291937,0.0,0.0,0.0
ff,cell_balanced_space_filling,40,5,0.8724061739568086,0.8658751971439308,0.8818742146134975,0.0440232580584852,0.040431957590625,0.0457859414666449,0.9478797212275946,0.9472796825447252,0.9503166519585196,0.5529360697612843,0.5456198616232635,0.5573445318142356,0.7566172258541044,0.6994453696009575,0.7578637871689358,0.980083206375249,0.9790724247040902,0.980399624985351,0.875,0.875,0.90625,0.9957955703956622,0.994329373343336,0.9958657734850712,24.07681891482207,23.999247250059852,24.18675770991831,0.0,0.0,0.0
ff,cell_balanced_space_filling,44,5,0.8758180101980249,0.8610769633147355,0.8835662600298653,0.0432080134761285,0.0399193275843099,0.0441425732149119,0.9494094308543,0.9457940709997776,0.949699343740685,0.5527291798871521,0.5501030486284725,0.5592833412456596,0.7668997150936993,0.7419165206035231,0.7837439037787892,0.9799279268721434,0.9759258174147428,0.982980780499238,0.875,0.875,0.875,0.9954777367685482,0.995357631210774,0.995528886013206,26.438345164846396,26.386293621966615,26.588814126938814,0.0,0.0,0.0
ff,cell_balanced_space_filling,48,5,0.879737503566635,0.8733625053555537,0.8812320420760531,0.0399651678981336,0.0395704336102647,0.0412872491018291,0.9497778065693964,0.9455490711234532,0.9528511915038012,0.5522903886914066,0.5246442010698783,0.5593243795160586,0.7882506234302314,0.7268759024077358,0.7884623847844786,0.9807336224071254,0.977710066799484,0.9818176491269192,0.875,0.875,0.9375,0.995731430459685,0.9953639062737883,0.9962825447514,28.875877622835105,28.796630038006697,28.97246462694602,0.0,0.0,0.0
ff,random,0,5,0.3054777304678305,0.2923840660791118,0.3248022725299353,0.1174011236599826,0.1156234859537543,0.1182800458429904,0.9455420452200096,0.9447146424991938,0.9463847715503658,0.5632770015928817,0.5585113184592008,0.5718135834309891,-0.1887117101844642,-0.1970570683046,-0.1865182604853337,0.9779971873901324,0.9779620297667878,0.9791310207429976,0.875,0.875,0.90625,0.9954312495620476,0.9952695492492613,0.9960236677821602,0.0,0.0,0.0,0.0,0.0,0.0
ff,random,4,5,0.4835301159032529,0.48273268958084,0.50397980959978,0.0937498833347222,0.0926717336541449,0.0959802411180122,0.944463231316519,0.9431641991014116,0.9463649158136846,0.564844866692708,0.5559238189496527,0.567713893033854,0.0178682700688017,0.0078296822512951,0.018982810850283,0.9790226180710184,0.978046994023204,0.9797872963787648,0.875,0.875,0.875,0.995856543481498,0.9951312935480178,0.9959207139519436,2.35644225004944,2.1465154589968733,2.416484248999041,2.0,0.0,2.0
ff,random,8,5,0.5445170775957711,0.5246483135006735,0.5833892488174671,0.0865034916775608,0.0808074095835069,0.08840286373023,0.9474768735933526,0.944031858008378,0.9483590229818142,0.5508145558962669,0.5474888694965276,0.5693477361045999,0.11355322461747,0.0642352392905364,0.137758571142459,0.9779854681823508,0.975919957810852,0.9802179772647368,0.875,0.875,0.875,0.9955213709078028,0.9951857888460052,0.9959375305135436,4.695154875982553,4.655167874036124,4.726867832097923,2.0,2.0,2.0
ff,random,12,5,0.6357027708045568,0.5846325175979625,0.6382972547226891,0.0778289699550564,0.0727777159100261,0.0804702781392144,0.9470638550491268,0.9456923190223498,0.9477680182744102,0.5537729678342009,0.5502742843315975,0.5615894409874131,0.2032656853518734,0.1305162390061559,0.3205903962969268,0.9792570022266496,0.9771475448259695,0.979418141333646,0.875,0.875,0.875,0.9957770058065588,0.9954215248294777,0.9958808499851488,7.436322831985308,7.1157220800814684,7.544681877014227,2.0,0.0,3.0
ff,random,16,5,0.634873196616877,0.627962819743422,0.714876271011233,0.072578703792389,0.0720787765500434,0.0733522701870659,0.9462117261267128,0.9455303697231716,0.9462231805342938,0.564116973650173,0.560067286419271,0.5692831056749134,0.1990855840610792,0.1705785007886608,0.4417779984112193,0.9781612562990742,0.9771592640337514,0.9798078049923824,0.875,0.875,0.875,0.9953908726748882,0.9951996963041227,0.9958411243609556,9.793196461017942,9.737536787084537,10.37997458296013,2.0,2.0,2.0
ff,random,20,5,0.7486523091428283,0.695558497413092,0.770653756352035,0.0637064143690197,0.0630810011013238,0.065529664340625,0.9450179225008324,0.9443574921636608,0.9455932254472996,0.5743256362822421,0.5440704747699648,0.5815027128602432,0.395841335413944,0.347746941754342,0.5716382855742039,0.9793654048986288,0.977710066799484,0.9800480487519044,0.875,0.875,0.875,0.9955458771885493,0.9952074646983936,0.9961248564480998,12.731113460060442,12.45207657906576,13.167127581080422,3.0,2.0,3.0
ff,random,24,5,0.7624596002222506,0.70592813785664,0.8023522057099506,0.0595641282403429,0.0594219807470269,0.0633238610391059,0.9469906699841836,0.9462414176922652,0.9485214950772256,0.5559653106467012,0.5467108816080726,0.5738796045312498,0.3611279448883182,0.3498385876335833,0.6412367741640499,0.9813518106176023,0.9795499824211884,0.9821545763506386,0.875,0.875,0.875,0.9955578905212992,0.995417012607092,0.9958354516160824,15.053452956140973,14.75860358410864,15.116116958932253,2.0,2.0,3.0
ff,random,28,5,0.8138107884613441,0.7133371878284525,0.8403355195135276,0.0572876172134983,0.0512780910457682,0.0613093275155164,0.9492904946551636,0.9480475224054788,0.9494087048831592,0.5455444437934024,0.5454137999327252,0.5565023801996524,0.6198900142324121,0.3932660759322215,0.6432203199775827,0.9815568967537794,0.9809211297316304,0.9815686159615612,0.875,0.875,0.875,0.9956496449233788,0.995631236968888,0.9957619803686006,17.582950455107493,17.44299395996495,17.857390167133417,3.0,2.0,4.0
ff,random,32,5,0.8519370467309002,0.7693775029724605,0.8533329617730059,0.0514426091041232,0.0485864442388114,0.0561186231537977,0.9477719270552338,0.9464162456477327,0.9515671948288824,0.5465327010286456,0.5441150558246527,0.556716653105469,0.6391587491288881,0.4552577439406287,0.7305035241763134,0.9807219031993436,0.9787823743114964,0.9823069260517988,0.875,0.875,0.875,0.9956960487589352,0.9955901957406424,0.9957871643130468,20.51789916891721,19.884624829079257,20.815271955070784,3.0,2.0,5.0
ff,random,36,5,0.8525552064443542,0.8262329296566749,0.8537021154657568,0.0490990279444227,0.0472032217383029,0.0492547846316406,0.947867410073778,0.9466391770916484,0.9503766605357508,0.5538997323133676,0.5322630333051217,0.5592486458355037,0.6956549319269081,0.6316604006435509,0.7020921515801923,0.9819348412047344,0.9808449548810502,0.9844749794913864,0.875,0.875,0.875,0.995522395683642,0.9951056209169342,0.9957884288239104,23.056909332139185,22.134319204080384,23.239954246091656,2.0,2.0,4.0
ff,random,40,5,0.8493256696422009,0.847511289300469,0.8627195619738406,0.0465555286961805,0.0465295457057942,0.0475776985406033,0.949764887357584,0.9491362091109534,0.950849468348871,0.5453605238433159,0.5302782377734367,0.550697273988715,0.7140607969894205,0.6904551553037854,0.7642902583939741,0.9798576116254544,0.9789171452009844,0.9839007383100904,0.875,0.875,0.875,0.9956011606403212,0.9955911723300052,0.99572188816202,25.195046206150437,24.44225307906163,25.431023001903668,4.0,3.0,4.0
ff,random,44,5,0.8641067112813903,0.8600389933646935,0.8732777963397336,0.0452247178072699,0.0418621445847656,0.0459145943528552,0.9511797365459304,0.9494065541823496,0.9517466792813676,0.5404226112478299,0.5401618849001737,0.5448800565646698,0.7021095420734158,0.7021030136952175,0.7942542640581364,0.9806105707254188,0.98012715340443,0.983423180592992,0.875,0.875,0.875,0.9955277691166314,0.9953293639729032,0.9956868074319044,27.777809832186904,26.67730166207184,28.131296750856563,3.0,3.0,4.0
ff,random,48,5,0.8764792245924139,0.8702122489446409,0.8788843245211925,0.0424195175891276,0.041928374372526,0.0433599155880642,0.9516675135717764,0.9500514510707884,0.9531072396290088,0.530609889199219,0.5298471889409724,0.5407890603038188,0.7700764779049813,0.6866801343693789,0.8026889728017003,0.98205203328255,0.980068557365522,0.9832532520801592,0.875,0.875,0.875,0.9957492720012288,0.9954330025657204,0.9957577976955598,30.841163666162178,29.43961608584505,30.911671208858024,3.0,3.0,4.0
ff,space_filling,0,5,0.3054777304678305,0.2923840660791117,0.324802272529935,0.1174011236599826,0.1156234859537543,0.1182800458429904,0.9455420452200096,0.9447146424991938,0.9463847715503658,0.5632770015928817,0.5585113184592009,0.5718135834309891,-0.1887117101844646,-0.1970570683046004,-0.1865182604853339,0.9779971873901324,0.9779620297667878,0.9791310207429976,0.875,0.875,0.90625,0.9954312495620476,0.9952695492492613,0.9960236677821602,0.0,0.0,0.0,0.0,0.0,0.0
ff,space_filling,4,5,0.4710961533488759,0.4130725667839255,0.5205141427674989,0.0995784217163194,0.0914414213360677,0.106350876800217,0.9452306658759204,0.9450559666833788,0.9485214804699584,0.5630342340125865,0.5427203159743925,0.5673496665581592,0.0077659531448673,-0.0599461610717331,0.1704130945262395,0.9785421305519748,0.9781173092698932,0.9815363881401616,0.875,0.875,0.875,0.9956400087169444,0.9955737677670404,0.9960583493515488,2.494405248988187,2.3717166669666767,2.9427587499958463,2.0,2.0,2.0
ff,space_filling,8,5,0.5796468107203544,0.5276560142992538,0.5835400154841279,0.0867985711683346,0.0860798069882162,0.0884191256463976,0.9466000098083784,0.9457001271814846,0.9466462158256714,0.5616270244618063,0.5592013402734374,0.5649477051692701,0.1421824992722665,0.1376930171951409,0.1596189618940497,0.976831126215868,0.9766904957224892,0.9783077463963438,0.875,0.875,0.875,0.995353717692366,0.9953325496339298,0.9960113816874367,5.337621916085482,4.412916540924925,5.494838542013895,2.0,2.0,3.0
ff,space_filling,12,5,0.602786336242644,0.588046574488807,0.6371657985115253,0.0819816714430555,0.0766241808672309,0.0822413805567708,0.9469468981440252,0.9442488473506186,0.9473132579408008,0.5572125557725698,0.5561232927126729,0.5603602023567703,0.1620069192945978,0.1582058982624797,0.3015650456834974,0.9788292511426228,0.9752841907887028,0.9795617016289698,0.875,0.875,0.875,0.9957705820761106,0.9953202003341448,0.9959930804525856,7.397973457991611,7.086176207958488,7.811810999090085,2.0,2.0,3.0
ff,space_filling,16,5,0.6786861023079953,0.6559839354619057,0.7375653018864705,0.0721681948682726,0.0679877737012659,0.0736573221919488,0.947820782944267,0.9475790898250837,0.949031815925775,0.5526773951171872,0.5462064477669276,0.5629904521180558,0.3857496938094191,0.2885660239774612,0.4609367158241171,0.9792950896519396,0.9786974100550802,0.9806486581507092,0.875,0.875,0.875,0.9959427630303678,0.9958053256964065,0.996022620167332,10.058872707944827,9.791354210028658,10.124461000057636,2.0,2.0,3.0
ff,space_filling,20,5,0.7061564194767382,0.70070758541217,0.766067129546679,0.0646474521514509,0.0601147930839193,0.0647639523709852,0.945444517194957,0.9424869888169438,0.948680163773771,0.5654098654904512,0.5618763432552087,0.5659912196223955,0.3891110764900604,0.3206965834436364,0.485807890959927,0.977645611156686,0.976863354037267,0.9781700457049104,0.875,0.875,0.875,0.9958613822310258,0.9957779301585692,0.9958789663765644,12.331967919017188,12.304348290956112,12.471986791060772,3.0,2.0,4.0
ff,space_filling,24,5,0.757428459085575,0.742334550658738,0.8076681892471382,0.0568605425951606,0.0551335679126312,0.059838489732828,0.9484751556864718,0.9418540025263448,0.9489230076194406,0.5648332166796877,0.5505511440494797,0.5700125428298611,0.4449788850028014,0.4097980802507359,0.5601300977022542,0.9779385913512246,0.9769571076995196,0.9798253838040548,0.875,0.875,0.90625,0.9960832245844294,0.9955285639876345,0.9964447222964132,15.33199141608202,14.274480499094352,15.80813691802905,4.0,3.0,4.0
ff,space_filling,28,5,0.7954450133668151,0.7742945909551617,0.8124144115722891,0.0538586924881076,0.0527928023828125,0.0553481838932508,0.947254161674764,0.9433658456108422,0.9489814596218076,0.5554917140277773,0.5533089519444445,0.563373686592882,0.5600781252256235,0.4671562665981525,0.5694164227319727,0.97677253017696,0.9761045353334116,0.9793478260869564,0.875,0.875,0.90625,0.9949844168482082,0.9949539911760849,0.9961982272148576,17.835312832088675,16.366438499098876,18.990346957114525,4.0,4.0,4.0
ff,space_filling,32,5,0.8166002025432479,0.7939313941220338,0.8319193076663666,0.0510794685049913,0.0500727140576606,0.0513922343012369,0.9442489693171524,0.9405938697961984,0.9454158890876916,0.5840404292534724,0.5579379149913196,0.5869066422873261,0.6090111840298659,0.5196224578078192,0.6781641620001129,0.978589007383101,0.9763008320637524,0.9791368803468884,0.875,0.875,0.875,0.9953788326093717,0.9951210584974952,0.9958472069874716,20.04621058309567,19.88849112202297,21.929393874073867,5.0,4.0,5.0
ff,space_filling,36,5,0.8546668861085023,0.8364611761696812,0.8666301651864718,0.0462969763594834,0.0453356642771267,0.0473978885938585,0.9476804793701394,0.9429744522299626,0.9510519625376735,0.570819790915799,0.532654757222222,0.5737219815104163,0.7283585064360891,0.6671459861390117,0.7317078809990765,0.9785040431266846,0.9781876245165828,0.978890776983476,0.875,0.875,0.875,0.9954837665574532,0.9949196402181124,0.9958242462963676,23.2998443300894,22.779727083077887,23.869883876031963,4.0,3.0,5.0
ff,space_filling,40,5,0.8652462531610778,0.8368329330243799,0.8775989161393767,0.0449899799706379,0.044239829273763,0.045199102304579,0.946779825078561,0.9446403666648304,0.9492657099266688,0.5594155387673609,0.5381992285373258,0.5662048144010416,0.7444456558133665,0.6574022492701852,0.787868004621025,0.977472752841908,0.9770742997773352,0.9811408648775344,0.875,0.875,0.875,0.9955491845327022,0.9954903847719844,0.9963082174140492,25.644779787107836,25.517047333094524,26.3408709600335,5.0,3.0,5.0
ff,space_filling,44,5,0.8806554448581533,0.8550101302086021,0.8867479660454277,0.0426494393350043,0.0420934589460286,0.043317825736263,0.9479357808002474,0.9425001155106024,0.9489127466524928,0.5634527634375003,0.5418134722460932,0.5707791479644099,0.7812560553304511,0.7206707010895446,0.8036580666607002,0.980663307160436,0.9763154810734792,0.9807482714168522,0.875,0.875,0.90625,0.996120513258197,0.9959486893314408,0.9963020832961406,28.30977428710321,27.839454167085933,28.789602126023965,4.0,3.0,6.0
ff,space_filling,48,5,0.8799362220926199,0.8674352628781312,0.8933136797217942,0.0397063152103081,0.0395606971818576,0.0415913636221136,0.9476812321156284,0.9433035860775192,0.9503661563816708,0.5610369787196181,0.5514444393164062,0.5656453941753471,0.7938036068518939,0.774338174384643,0.8235057852093759,0.9793683347005742,0.9786856908472986,0.9804757998359312,0.875,0.875,0.90625,0.995948311517131,0.995903351828621,0.9961498230302136,30.986719043023182,30.17617904211511,31.136523537134053,4.0,4.0,6.0
ff,uncertainty,0,5,0.3054777304678308,0.2923840660791118,0.3248022725299353,0.1174011236599826,0.1156234859537543,0.1182800458429904,0.9455420452200096,0.9447146424991938,0.9463847715503658,0.5632770015928815,0.5585113184592008,0.5718135834309891,-0.1887117101844644,-0.1970570683046002,-0.1865182604853332,0.9779971873901324,0.9779620297667878,0.9791310207429976,0.875,0.875,0.90625,0.9954312495620476,0.9952695492492613,0.9960236677821602,0.0,0.0,0.0,0.0,0.0,0.0
ff,uncertainty,4,5,0.3843496639973541,0.3486694635919634,0.3904103992399818,0.1167033023919704,0.1147648345954923,0.1183702511827257,0.944998094973259,0.9445413822244072,0.945241441029378,0.5629105102374743,0.5591095473155377,0.566799540972222,-0.0341156327971745,-0.0445377476513606,0.0010011846646913,0.9751552795031057,0.9699666002578226,0.9801857494433376,0.84375,0.84375,0.875,0.9927580216398736,0.992675917854458,0.994930005753632,2.3913570410513785,2.3642256669700146,2.8229813320212997,2.0,2.0,2.0
ff,uncertainty,8,5,0.5295383549032349,0.4683128447043765,0.5397634967746241,0.1013624912439205,0.1003150081306857,0.1107157489328992,0.9436226884652454,0.9403176234731232,0.944562086015718,0.5740628126888017,0.5700171685308153,0.5830387239930552,0.2882300701761916,0.1745298683978827,0.2906324028620296,0.977291105121294,0.9771475448259695,0.9790724247040902,0.875,0.875,0.90625,0.9951978429343706,0.9947093229857484,0.996073205302296,5.565171749971341,5.230133751028916,5.744119416049216,3.0,2.0,3.0
ff,uncertainty,12,5,0.5884031700508088,0.5786701918676894,0.6007917298556759,0.0949429436020833,0.0939925126668185,0.0982726440688585,0.9431920755297092,0.9414968232468264,0.9438233745180634,0.5695679813867187,0.5669384587261282,0.5789537788324647,0.3885028259224722,0.3452820969679127,0.3946945847544549,0.9804582210242588,0.9801125043947028,0.9813635298253838,0.90625,0.875,0.90625,0.9958392382670532,0.9940224779689196,0.9959180964733078,8.185610582964728,8.073286498023663,8.19743270901381,2.0,2.0,3.0
ff,uncertainty,16,5,0.6167889781125472,0.6154197096240308,0.621066143119078,0.0921699541760633,0.0921481971262587,0.0928474936591146,0.9424425707020784,0.9378335232274798,0.9427731648950474,0.5807317963519962,0.5726429238736974,0.5870124267426216,0.4237658788718323,0.3878613946373471,0.4257125799013678,0.9823743114965428,0.9811027774522444,0.9835022852455172,0.90625,0.90625,0.90625,0.996316575567598,0.995145763299186,0.9963272328999112,10.458175875013694,10.192603292060085,11.37474046094576,2.0,2.0,4.0
ff,uncertainty,20,5,0.6514598618766889,0.6413946965147652,0.6842458455034568,0.0882731258520399,0.0837493354044054,0.0887767647052734,0.942680520708828,0.9421892093764114,0.9428836856819408,0.575501966332465,0.5714507398068567,0.5808715118771708,0.465056488891492,0.4424946473367881,0.5399262697593725,0.9833733739599204,0.9829192546583853,0.9850169928512834,0.875,0.875,0.90625,0.995813532499814,0.9952298990805876,0.996444954122442,13.075237085926346,12.750017790065613,13.122306208009832,2.0,2.0,3.0
ff,uncertainty,24,5,0.7077958707705903,0.6592654368351343,0.7135050803795642,0.0793321815863498,0.0791216056914062,0.0860333745430121,0.9424780658926648,0.9421612588583372,0.9425460656718204,0.5750413018598092,0.5701827366037329,0.5767989891601566,0.5168384042114489,0.4956163454696244,0.5460276258456653,0.9840765264268136,0.98333528653463,0.985022852455174,0.875,0.875,0.90625,0.996093709613146,0.9959257662147624,0.9963273126653548,15.294967541965889,15.266914207022635,15.74699233591673,2.0,2.0,3.0
ff,uncertainty,28,5,0.7373923932607578,0.7236259966492755,0.7475567166270571,0.0731884866498914,0.0729201763208116,0.0746663009974175,0.942464057802454,0.9418796091578622,0.94470148649897,0.5775531362890626,0.560654590863715,0.5804018210959205,0.6219740479826013,0.617940193677115,0.6401362183041536,0.9834436892066096,0.9797492089534748,0.9836018985116606,0.90625,0.875,0.90625,0.9964606518861284,0.9964436990838188,0.9965773032300832,18.411858918931102,18.324290791992095,18.49880329001462,2.0,2.0,2.0
ff,uncertainty,32,5,0.7669923642972306,0.7561504866131767,0.7699473410710744,0.0701107499132161,0.0682983039888237,0.0707047184968099,0.9431665564080326,0.9427493072793276,0.9445103414877036,0.570250992903645,0.5658050821397573,0.5706528353906244,0.6468774654239322,0.6196312055868933,0.6511354166956317,0.9824329075354504,0.982233681003164,0.9856849876948316,0.90625,0.875,0.90625,0.996354202432056,0.9961376878216344,0.9965118394759196,20.741483915015124,20.505555332027143,21.05945187789621,3.0,3.0,4.0
ff,uncertainty,36,5,0.7930188366889434,0.7748581313712979,0.7949202022812879,0.0656347969994357,0.0635120039429253,0.0673683126626157,0.942254539626022,0.9412607613157892,0.9443161586421918,0.5784487873632806,0.5585709079644097,0.5807831359461806,0.6867771138183835,0.6863149305352366,0.7044105895059727,0.9831800070315247,0.9825266611977032,0.9841087542482128,0.90625,0.875,0.90625,0.9964845452000942,0.996204138116484,0.9966668198916712,23.337682333105477,23.240957914997125,23.546084831032204,3.0,3.0,4.0
ff,uncertainty,40,5,0.8138300965651926,0.8077684754399773,0.8186752351761216,0.0606722756248914,0.0596946483805338,0.0607945231176649,0.9442370446805716,0.9422674666753048,0.9442837065953013,0.5728646776236979,0.5633822842317705,0.58001648546875,0.7230146312559911,0.7189853856038373,0.7320670033451515,0.9832327434665415,0.9819582796202976,0.98503164186101,0.90625,0.875,0.90625,0.9964832342096988,0.9961974153612424,0.9966488094398606,26.25566245810478,25.673011456994573,27.13826949801296,3.0,3.0,3.0
ff,uncertainty,44,5,0.823241836469064,0.819390731296769,0.8345515639311614,0.057448581257704,0.0541994340479166,0.0575197309522879,0.9436557670094536,0.9420643802041416,0.9451690317395992,0.5699703221961807,0.5580700538194439,0.5804657252539058,0.7629628659258937,0.7497947234657433,0.7729461745225455,0.9832356732684872,0.981237548341732,0.9858988632368452,0.90625,0.875,0.9375,0.9966863563721978,0.9962861238066418,0.9969982195558006,28.706672083149897,27.885005877906224,29.68465516291326,4.0,3.0,4.0
ff,uncertainty,48,5,0.8511271179311967,0.8295485737471471,0.856386927870405,0.051353609050217,0.0509076668655381,0.0547798870940538,0.9436160316935178,0.9406352361847884,0.9456508191235704,0.5682500582291674,0.5568466358116322,0.5871016012955734,0.7893157755282961,0.7710371341852342,0.7915748795566337,0.983877299894527,0.9826585022852456,0.9851927809680064,0.90625,0.875,0.90625,0.9962315802928068,0.9958828461296492,0.9967050335639744,31.088901666167654,30.71897362891468,31.9104140389245,3.0,3.0,4.0
ss,cell_balanced_random,0,5,0.4824649109343741,0.4824087673335749,0.4885207554397459,0.1518361168402994,0.1510662591188802,0.1524210613596663,0.9252449226413246,0.9250778575173048,0.9258353031994544,0.5830654525173612,0.5827116939453127,0.5861042606684027,0.3111691719645575,0.3073309884262309,0.3113985245320967,0.9781495370912926,0.9779356615492792,0.97858314777921,0.96875,0.96875,0.96875,0.9988921243586488,0.9988426873878068,0.998899068658896,0.0,0.0,0.0,0.0,0.0,0.0
ss,cell_balanced_random,4,5,0.5147760831220654,0.5074954926562789,0.5941203478430888,0.1397286175790147,0.1222059598465928,0.1434266373700737,0.9245896784273704,0.9222057002029992,0.9251537411510592,0.5932917441232644,0.5810127471831603,0.5965096018402777,0.3451704344463183,0.3325036556767714,0.4280997152743618,0.9738925348646432,0.9731425055666236,0.9752519629673032,0.96875,0.96875,0.96875,0.997846019493162,0.9976481648962932,0.9981050796041416,2.446968999982346,2.3935046239639632,2.4595762489771005,0.0,0.0,0.0
ss,cell_balanced_random,8,5,0.6099727246911634,0.5998101693506124,0.6672263301377617,0.1148709815139724,0.1120930137900173,0.1211972608933003,0.9281119002920792,0.9253819056014176,0.9284912264799056,0.577556938719618,0.57255073843316,0.5792424865234377,0.4518235720760012,0.4370075052742325,0.5052043875417713,0.9776602601664128,0.9591292628618304,0.978196413922419,0.9375,0.90625,0.96875,0.998066918861126,0.9899039401368968,0.9989140927300802,4.8317262919736095,4.753547372936737,4.852018206962384,0.0,0.0,0.0
ss,cell_balanced_random,12,5,0.6136374399566216,0.5981114434415176,0.7193356402991531,0.1152147309937934,0.0948754596238683,0.1185589953368922,0.929030103420494,0.9257955228413404,0.9291030985626016,0.5696056448307291,0.5630285841362842,0.5758430785026045,0.4657057887202397,0.4339303036024772,0.5623238498391168,0.9777950310559006,0.9635913512246572,0.9809035509199578,0.96875,0.90625,0.96875,0.9983485394318498,0.9912633648498246,0.9984275829274484,7.184706415981054,7.115791707998142,7.217515747965081,0.0,0.0,0.0
ss,cell_balanced_random,16,5,0.6409573968635258,0.6054406766390105,0.7025643236163119,0.1156604891303168,0.1022149112854382,0.117963921284809,0.9278659725393672,0.9249232316490452,0.9278811273697544,0.5769521259244791,0.5719875346440977,0.5852257178081597,0.4890171734261259,0.4587463906947647,0.5522772375235356,0.9797345599437476,0.956967069026134,0.9815539669518342,0.90625,0.90625,0.9375,0.9968231296180337,0.9934060887623016,0.9971745963016664,9.537767331989016,9.50948933197651,9.57515620594495,0.0,0.0,0.0
ss,cell_balanced_random,20,5,0.6282990997430199,0.6278123901129078,0.7494657480620283,0.1109313874087455,0.0965755699650391,0.1230919146923827,0.9307469357013368,0.9279765865465144,0.93117409589508,0.571932522708333,0.5706428411458335,0.5729152419661466,0.4972105980392886,0.4879006115596108,0.640383284144622,0.973634712293449,0.9647984296261574,0.9803791163717334,0.90625,0.90625,0.90625,0.9960779192443624,0.9927252353602664,0.9965613213824152,11.94574912294047,11.94269378791796,11.947597248974487,0.0,0.0,0.0
ss,cell_balanced_random,24,5,0.7616198939202414,0.6224805298028183,0.7820623128146873,0.0986960168233939,0.0939411611880425,0.1116135641259548,0.9336607389948912,0.9262572712522584,0.9352079885640936,0.5547761164192707,0.5338127942968749,0.5719376206814232,0.6390165339278908,0.4859515547991607,0.7190091039043683,0.9758086253369272,0.9662838392124692,0.977118246806516,0.90625,0.90625,0.90625,0.9960480376749,0.9937476094380844,0.9964406181650768,14.337022373976652,14.3344502869586,14.36882112189778,0.0,0.0,0.0
ss,cell_balanced_random,28,5,0.7672896972554099,0.6261446711565997,0.8076334734412074,0.0951640482201389,0.0845642774294052,0.1116263921464409,0.9304960772766672,0.9295519613325134,0.9349937485010866,0.5528790674218743,0.5483691079904508,0.5529973529947914,0.6412456032400218,0.492463811049066,0.7248944930778702,0.9749501933669285,0.9696941286769014,0.9769951951248096,0.9375,0.9375,0.9375,0.9965799502551652,0.9950934196942862,0.9966282833144692,16.75610941494233,16.72952499895473,16.76703162092599,0.0,0.0,0.0
ss,cell_balanced_random,32,5,0.7817590983544581,0.6624082117407931,0.8040739566393071,0.0948608492659939,0.0858705720411457,0.1049042798225259,0.9318955925685998,0.9283018230873132,0.9401390632443156,0.5472483096050347,0.5258282973046875,0.5658278257595489,0.6964491194228379,0.5249839932778699,0.7299682903179852,0.97571780147662,0.9596654166178368,0.9759932028594868,0.9375,0.90625,0.9375,0.995982311473229,0.9925121636090092,0.9967592307881414,19.1998192500032,19.12625570295495,19.217673413921148,0.0,0.0,0.0
ss,cell_balanced_random,36,5,0.8144116116768683,0.6657623793387729,0.8169190022238592,0.0865122587561415,0.0844868106940104,0.1054041744044487,0.9347682562750778,0.9277748786072936,0.9380157437175742,0.538272222669271,0.5315410308810767,0.5708660693706602,0.7289396560873662,0.545779875140426,0.7536773264510331,0.9734149771475448,0.95810676198289,0.9735936950662136,0.9375,0.9375,0.9375,0.9959379051838064,0.9956422555988133,0.9966536916492944,21.604375874012476,21.54831195398583,21.610069664893672,0.0,0.0,0.0
ss,cell_balanced_random,40,5,0.8220985597905328,0.8113961042119492,0.8250915674089927,0.0789684592641059,0.0767910194955512,0.0820286958185763,0.9370111423651492,0.9317253888247788,0.9422616949365386,0.5470156033593756,0.5129385599522573,0.5554588966710071,0.7174491298618142,0.7066323026123893,0.7615107661753704,0.9704939646079924,0.9665885386147895,0.9717362006328372,0.9375,0.9375,0.9375,0.9960589508062376,0.9935007798773672,0.9971070941682688,23.996154415013734,23.94369545596419,24.049323040875606,0.0,0.0,0.0
ss,cell_balanced_random,44,5,0.8250808614529019,0.8225363857911445,0.8368281353173463,0.0787213286865234,0.073509056111263,0.0809451731024522,0.9369844202370126,0.9323820912700606,0.940573280321342,0.5430390858723959,0.5210303799565975,0.5476402621592881,0.7311063717671086,0.7224470684098754,0.7568612518723172,0.9705232626274464,0.9666559240595334,0.9740331653580218,0.9375,0.9375,0.9375,0.9959666123388138,0.9927574336191384,0.9975677079666248,26.360807082004612,26.350928497005953,26.48183845783933,0.0,0.0,0.0
ss,cell_balanced_random,48,5,0.8251408826847826,0.8182549044042762,0.8393739252631913,0.0761137559684244,0.0754415291432291,0.0786181672534721,0.93877560235025,0.9334200072570844,0.941746411633283,0.5351383336653651,0.5124737861501737,0.5386712700347221,0.734753864833494,0.7087140179629696,0.7675452651697856,0.976154341966483,0.9721727411227,0.9778887847181532,0.9375,0.9375,0.96875,0.9960105323729151,0.9946981539498918,0.9975860256026116,28.76162520601065,28.75441354099894,28.909296166850257,0.0,0.0,0.0
ss,cell_balanced_space_filling,0,5,0.4824649109343741,0.4824087673335749,0.4885207554397459,0.1518361168402994,0.1510662591188802,0.1524210613596663,0.9252449226413246,0.9250778575173048,0.9258353031994544,0.5830654525173612,0.5827116939453129,0.5861042606684027,0.3111691719645575,0.3073309884262309,0.3113985245320967,0.9781495370912926,0.9779356615492792,0.97858314777921,0.96875,0.96875,0.96875,0.9988921243586488,0.9988426873878068,0.998899068658896,0.0,0.0,0.0,0.0,0.0,0.0
ss,cell_balanced_space_filling,4,5,0.5403140256032988,0.4988291495570657,0.6661983457028726,0.1343473526480034,0.1164605981582681,0.1444894863761067,0.925065268333642,0.9236786700798316,0.9307460353920404,0.5828031921267358,0.5587297014149304,0.5927895836111112,0.3790338356119039,0.3297603754163049,0.4876912800353684,0.9785655689675375,0.9755390835579516,0.9789845306457284,0.96875,0.96875,0.96875,0.9985620656150754,0.9978893492547734,0.9988902709928232,2.440910667006392,2.362083707994316,2.4601530420186464,0.0,0.0,0.0
ss,cell_balanced_space_filling,8,5,0.6657582435228622,0.66052300125405,0.6808014402415525,0.1165065875495008,0.1157387367054903,0.1194837107654947,0.9291862436164804,0.922599663628933,0.930203123540725,0.5618740527842888,0.5598235132465282,0.5902742428797744,0.4870232522395377,0.4656167509915997,0.5058832643904834,0.9786065861947734,0.9759404664244696,0.9790607054963084,0.96875,0.96875,0.96875,0.9983419399686364,0.9977906057683824,0.9989791207798204,4.84211058501387,4.724754752009176,4.889493874972686,0.0,0.0,0.0
ss,cell_balanced_space_filling,12,5,0.6945784199671925,0.6698555325267571,0.7621335629500956,0.1042821006094834,0.0951121957874348,0.1134518592628689,0.92959709028618,0.928468707840421,0.9300170322238416,0.5599246754210078,0.5513983416276046,0.564059292905817,0.5395065461389672,0.5193539813659083,0.632378581930892,0.977279385913512,0.9703005976795968,0.9806896753779444,0.96875,0.9375,0.96875,0.9985467278020398,0.993713192202504,0.998984052394299,7.207757084950572,7.083157626999309,7.2931400849774946,0.0,0.0,0.0
ss,cell_balanced_space_filling,16,5,0.7412796099050947,0.6944758239269231,0.7685856933253749,0.0948977054019095,0.0910081545920139,0.1048790373961216,0.9283826071780156,0.9283008281859249,0.929928300308318,0.5634317513888888,0.5589370896223957,0.5670217747547748,0.6347635826068032,0.52860347272117,0.677363736527977,0.9755273643501698,0.9705701394585724,0.9799777335052148,0.96875,0.9375,0.96875,0.9974390367964464,0.995684349844844,0.9984497249255818,9.568300418002764,9.455112126015592,9.696878626971738,0.0,0.0,0.0
ss,cell_balanced_space_filling,20,5,0.7382914340389876,0.682962396608052,0.7709416204134102,0.0969832963760198,0.0858701312988064,0.1025114969232855,0.9328780377730446,0.9313154240847727,0.935817915476456,0.552517952903646,0.5410345010980899,0.5535379830425345,0.6382393664317993,0.4984777270264766,0.6741242648985806,0.9806515879526544,0.9719119887495604,0.9826585022852456,0.96875,0.96875,0.96875,0.9983415869673394,0.9977502884422906,0.9983418668676166,11.941665836027823,11.846442540962016,12.078519753995351,0.0,0.0,0.0
ss,cell_balanced_space_filling,24,5,0.8035106794042796,0.7317871743284182,0.8119078448946672,0.0834288128814886,0.083117766412131,0.0972596122226561,0.9346435561737004,0.9309951713315828,0.9358041511286164,0.5390008955815968,0.5346290032899313,0.5488448344227432,0.7060218244353609,0.6522827291642632,0.7443258858084745,0.9751201218797608,0.9720848470643384,0.980323450134771,0.96875,0.96875,0.96875,0.9982803322692546,0.9978394310581008,0.9984499791764364,14.378205961023925,14.25233849894721,14.466248170967448,0.0,0.0,0.0
ss,cell_balanced_space_filling,28,5,0.809573423843503,0.7352470863120211,0.8491526613472519,0.0859113283676648,0.0770105079690754,0.0951454356827256,0.9354567641270424,0.9348927852283077,0.9385270100131649,0.5253317115104169,0.5163075492664931,0.5467592192925349,0.7264666545669739,0.6627512186245608,0.8020793152643965,0.9740566037735848,0.9731337161607876,0.9744550568381578,0.96875,0.9375,1.0,0.9984928226400368,0.997470165510862,0.9985840696970985,16.79804491897812,16.66001341494848,16.879018921987154,0.0,0.0,0.0
ss,cell_balanced_space_filling,32,5,0.8279906621970097,0.7726734454038012,0.8525146365769908,0.083082231363216,0.074405724372526,0.0882720508174912,0.9360814702412572,0.9337855976576164,0.9418517590838168,0.5379817182378477,0.5067090492317713,0.5531432598263888,0.77725940697194,0.682982051430236,0.8009518792357242,0.971296730341029,0.968560295324036,0.9747656158443688,0.96875,0.90625,0.96875,0.9971687307205828,0.9968613089604372,0.997843636346596,19.189453793980647,19.079033122921828,19.318224796967115,0.0,0.0,0.0
ss,cell_balanced_space_filling,36,5,0.8513635250011415,0.7734326966667142,0.8516490816822653,0.0768523694645336,0.0734931641656467,0.0881528719345702,0.9345718659045532,0.9325518504825778,0.9423233486778392,0.5437011966276037,0.5109570194531251,0.5636145191059024,0.7984278862062841,0.6820516462004538,0.7992950015548824,0.9756885034571662,0.9754629087073714,0.9777803820461736,0.96875,0.9375,0.96875,0.997687921990486,0.9971049428622688,0.9982268148615931,21.59530333499424,21.45430474897148,21.74084183794912,0.0,0.0,0.0
ss,cell_balanced_space_filling,40,5,0.8457306342447801,0.7878580543499433,0.8477726371913598,0.0794989748530164,0.0762118190495659,0.0836850206840277,0.9332577859388126,0.9318456752919432,0.9450520578604256,0.5525262911024307,0.4941662596093757,0.5551702187896825,0.7873334870337527,0.7214315840004721,0.8060784431385859,0.9756650650416032,0.9727499121059416,0.9796261572717684,0.9375,0.9375,0.9375,0.9963400691215069,0.9956979642249209,0.9969310068178256,24.014357459003804,23.864517998998053,24.14519217092311,0.0,0.0,0.0
ss,cell_balanced_space_filling,44,5,0.8499912817690949,0.793972338277217,0.8581766688560986,0.0781246055341796,0.0761271633757161,0.080236743413585,0.9411578327898216,0.9320497534716186,0.945078696469306,0.5110311588194448,0.4972978412760419,0.5500982297829863,0.7969507554306539,0.732534150120533,0.815876048979292,0.9741386382280556,0.9731249267549514,0.9765645142388374,0.96875,0.9375,0.96875,0.9982727685213652,0.9964570086413106,0.9983830420115498,26.433612835069653,26.276967081968905,26.571910378930625,0.0,0.0,0.0
ss,cell_balanced_space_filling,48,5,0.8487705368078916,0.7941928766156774,0.8592012976998404,0.0776654248745659,0.0748226909688584,0.0813358731675346,0.9404466430888848,0.930448747858399,0.9433781485985644,0.5157385296657993,0.5071153132638893,0.5601553499045139,0.7924901878516866,0.7294613086540465,0.8203026786201755,0.9761836399859368,0.9720731278565568,0.976456111566858,0.96875,0.9375,0.96875,0.9978594321155932,0.9967615071170236,0.99857053177124,28.861750292038774,28.663499831047375,29.013962837896543,0.0,0.0,0.0
ss,random,0,5,0.4824649109343741,0.4824087673335749,0.4885207554397459,0.1518361168402994,0.1510662591188802,0.1524210613596664,0.9252449226413249,0.9250778575173048,0.9258353031994544,0.5830654525173611,0.5827116939453127,0.5861042606684025,0.3111691719645574,0.3073309884262307,0.3113985245320967,0.9781495370912926,0.9779356615492792,0.97858314777921,0.96875,0.96875,0.96875,0.9988921243586488,0.9988426873878068,0.998899068658896,0.0,0.0,0.0,0.0,0.0,0.0
ss,random,4,5,0.5114769956513078,0.4971970692446397,0.5367897247447734,0.1453738089695962,0.1387638291671254,0.1455698494891307,0.924359051570448,0.924174536966703,0.9244898900078676,0.5841763625868055,0.5840213898660715,0.5882206081076393,0.3290235697612953,0.3221978938932791,0.3655502978540516,0.977633891948904,0.97726180710184,0.9778946443220438,0.96875,0.96875,0.96875,0.9979263304978366,0.997873135133984,0.9988825599976888,2.375967666972429,2.346686959004728,2.721080042014364,2.0,2.0,2.0
ss,random,8,5,0.5490132150593193,0.5321446445688869,0.6287125876014983,0.1286235308644964,0.1206847141290147,0.1346115607673828,0.9228867286011568,0.9221414363552451,0.9252463932284244,0.5890420957508685,0.5809065998394097,0.5959947585720491,0.3879750096634139,0.339502262841223,0.4741070599327192,0.9755332239540608,0.9736962381343022,0.977021563342318,0.96875,0.96875,0.96875,0.99872470097287,0.9980530243704998,0.9988321498617552,4.746454124018783,4.333499000989832,5.267231541045476,2.0,2.0,4.0
ss,random,12,5,0.5958500317460482,0.5624165956507698,0.6359285374840571,0.1218299072966795,0.1179081990836154,0.1247483536308468,0.925499066304039,0.9241950552442328,0.9260717247055726,0.5799405832899307,0.5742238565104174,0.5909651267664928,0.4013011602620131,0.3936333671692511,0.4740610315096115,0.978386851048869,0.970159967186218,0.9808332356732684,0.96875,0.96875,0.96875,0.9986894264329896,0.9976681453461678,0.998896411631975,7.431926707038656,6.940287750971038,7.707602708047489,2.0,2.0,5.0
ss,random,16,5,0.6102523619747942,0.559133053000592,0.6399901232744802,0.1203310678663845,0.1173142074581379,0.1239111041133896,0.9238984610224652,0.9224051141100076,0.925905848449275,0.5939090289887152,0.5898217753038196,0.5967614301605904,0.4156451931760684,0.4019326553160623,0.4848641030984304,0.9796466658853862,0.9678073362240712,0.9827493261455528,0.96875,0.9375,0.96875,0.9979658204771944,0.997706007508176,0.9987256847952504,9.837729833001504,9.19254170896602,10.057366250053748,4.0,3.0,5.0
ss,random,20,5,0.6375536907965036,0.6132959048083999,0.6902510429871931,0.1153633180395615,0.1105653711244946,0.1155028302180772,0.924083088253034,0.9239719766573125,0.92816071376387,0.5812712332335062,0.5687827883897574,0.5960620386501738,0.4888434212854667,0.4125506556213468,0.55180790798112,0.9772149302707138,0.9676168990976208,0.9773731395757648,0.96875,0.9375,0.96875,0.9976822146876528,0.9956087308917204,0.9977536150343704,11.685892000998138,11.252414002956357,12.111985125025967,4.0,3.0,5.0
ss,random,24,5,0.7151483254120374,0.6213033422428655,0.7174099946412991,0.1029141301523003,0.0994433510206813,0.1086733032506726,0.9305343333705064,0.9230728660429326,0.9336564690963304,0.5724606335243057,0.5396750278949651,0.5770552694487844,0.5623011787316792,0.4212163627264189,0.5990377172504591,0.9769717567092464,0.9758320637524904,0.9799367162779796,0.96875,0.9375,0.96875,0.9979688021178946,0.9969306531584936,0.9980229398741844,14.64723679301096,13.802184502012096,14.73230083307135,4.0,3.0,4.0
ss,random,28,5,0.7190709731869656,0.6444015938420617,0.7234086267985391,0.1042303270775204,0.0942630729304253,0.1051562412855902,0.9279828221825078,0.9223200504412706,0.9336272635421368,0.5917254234939234,0.5460420008854164,0.591938272556423,0.5733059751281167,0.4658728770979742,0.6177439023871888,0.977654400562522,0.9755185749443338,0.9814162662604008,0.96875,0.90625,0.96875,0.996934981209609,0.9965190284019934,0.997895999830048,16.782903208077187,16.228433292882983,17.56874933396466,5.0,4.0,5.0
ss,random,32,5,0.7023308969614612,0.6852060044230012,0.7601608311960664,0.0954925036329425,0.0873707570326606,0.1055331381000217,0.9329290640562125,0.9241645479689304,0.9356134184515844,0.5473053724565972,0.5438207013281257,0.5885043221788202,0.5530184793977699,0.5164206597928747,0.6146900917527978,0.9764707605765852,0.9756299074182586,0.9789024961912574,0.9375,0.9375,0.96875,0.9977177851692096,0.99762804974673,0.9980784023250932,19.45235837608925,18.6400599599001,19.990047001017956,5.0,5.0,5.0
ss,random,36,5,0.7185805568801951,0.7083941179737372,0.790897361754044,0.092990257174479,0.0791462499143756,0.1012469713589192,0.933487957344001,0.9260620693660212,0.9337248853350258,0.5535942924249753,0.5491879909461804,0.5569343948697916,0.5963107382815469,0.5501871371477299,0.6654658261704329,0.9731190671510608,0.9695066213523964,0.9738544474393532,0.96875,0.9375,0.96875,0.9977039839994258,0.9976788370608384,0.9977965669805456,22.040608211042127,21.48103337897919,22.186156751093225,5.0,4.0,5.0
ss,random,40,5,0.7374454726468284,0.7010511246568485,0.7830303400118809,0.0953266336629339,0.080267943117513,0.0979368328762152,0.9323804297320192,0.924726202266776,0.9328383001002066,0.5548686781814238,0.5542411021701389,0.5576584885590283,0.6201735202822578,0.546428926726049,0.6564867529691957,0.973098558537443,0.9691403961092232,0.9754629087073714,0.96875,0.9375,0.96875,0.9976285562589116,0.9967453235965504,0.9985488619383376,24.296388919086898,24.00354558796971,24.65272691901191,5.0,5.0,6.0
ss,random,44,5,0.7319355936625638,0.7015671242521844,0.7850585491045605,0.0949937630338975,0.0814501843275824,0.0960485607709636,0.9304364976028364,0.9272019121911036,0.9346859534045302,0.5557197173741324,0.5509360709635422,0.5611393935373269,0.6138797596437002,0.5493735691490407,0.6569863364129482,0.9725096683464196,0.96915504511895,0.9758760107816712,0.96875,0.9375,0.96875,0.9977361673919568,0.997485277672886,0.9985667319750834,27.026818503887625,26.437364379962673,27.25728179499856,5.0,4.0,6.0
ss,random,48,5,0.7799623934892052,0.7297572685089071,0.7944128671639121,0.0844679359625868,0.0838868679929036,0.0972633145998481,0.932551102145354,0.9286940182782388,0.933383255709264,0.5538507976649308,0.5410777299262156,0.5562304057127359,0.6612454469063358,0.6029872008664621,0.6786532506359113,0.9734559943747804,0.9694743935309972,0.9770274229462088,0.96875,0.9375,0.96875,0.9978700372557636,0.9977402899393388,0.9981416410558968,29.78338954600622,29.376690252043772,29.91977342090104,5.0,3.0,6.0
ss,space_filling,0,5,0.4824649109343742,0.4824087673335749,0.4885207554397459,0.1518361168402994,0.1510662591188802,0.1524210613596663,0.9252449226413246,0.9250778575173048,0.9258353031994544,0.5830654525173611,0.5827116939453129,0.5861042606684027,0.3111691719645575,0.3073309884262309,0.3113985245320967,0.9781495370912926,0.9779356615492792,0.97858314777921,0.96875,0.96875,0.96875,0.9988921243586488,0.9988426873878068,0.998899068658896,0.0,0.0,0.0,0.0,0.0,0.0
ss,space_filling,4,5,0.5283545410355884,0.4879767126072533,0.538864172418354,0.1473998775788845,0.1430789602670355,0.147649789901085,0.9288945879803716,0.92674110761168,0.9325429648892944,0.5702482744270835,0.5470121620182301,0.5764293241319451,0.3211937026075208,0.3099212226072609,0.3536210357128038,0.9772442282901675,0.973543888433142,0.9772764561115668,0.96875,0.96875,0.96875,0.9985716489540452,0.997928537484397,0.9987998240079454,2.1509490429598372,2.0502026669855695,2.2116307510004845,2.0,2.0,2.0
ss,space_filling,8,5,0.7377780849616314,0.5580925016633883,0.7539181877255988,0.1073345244939144,0.0945299178883277,0.1251540583799044,0.9327309921272852,0.929956807148933,0.9353026227130308,0.5519347048502606,0.5420971837630214,0.5645850672113715,0.5673445924248541,0.391586731970112,0.6475086424310126,0.9779796085784602,0.9417672565334584,0.9831975858431968,0.9375,0.90625,0.96875,0.9958828128609628,0.9883194391510252,0.9979476348319158,5.037428124982398,4.68477495899424,5.10226541798329,2.0,2.0,2.0
ss,space_filling,12,5,0.792681974946996,0.6828325751281543,0.8342883137029171,0.0833156265775607,0.077213088698112,0.1078450750621526,0.934498855168842,0.931792073515819,0.9358557288369168,0.5539926962456604,0.5430516156922744,0.55589049202567,0.686358890546881,0.5257152987716655,0.7583791937596565,0.9741386382280556,0.9713348177663188,0.9758349935544356,0.96875,0.9375,0.96875,0.997435549245593,0.9958918990532198,0.9982021594092564,7.287772541923914,7.110094540985301,7.9965156269900035,2.0,2.0,2.0
ss,space_filling,16,5,0.8226967231724429,0.744837274619652,0.8276718536376755,0.0758937119523003,0.0742481877803167,0.1051480363877603,0.9345220398461676,0.9335662732630116,0.9346240151209284,0.5524499166927086,0.5406861454253469,0.5570982568467878,0.7224784328398757,0.6293914934413853,0.7544517801211572,0.9740185163482948,0.9710652759873432,0.975325208015938,0.9375,0.9375,0.9375,0.9957447947436038,0.9935152449560888,0.995903524069708,9.890100667020306,9.721611666900571,10.44849037702079,2.0,2.0,2.0
ss,space_filling,20,5,0.8079996628684503,0.7596232899917101,0.8162714433979449,0.0789157705171874,0.0763864593981553,0.1012822920187281,0.9328956306716208,0.931423895069326,0.934546996892256,0.559317143715278,0.5422498077517377,0.5631182156987851,0.7042678750361662,0.6697533246211571,0.720932435309822,0.9732303996249854,0.9649742177428804,0.9781319582796204,0.96875,0.9375,0.96875,0.9955534757034687,0.9915042819713008,0.9983921931050036,12.351011580089107,12.189263916981872,12.462169000937138,2.0,2.0,3.0
ss,space_filling,24,5,0.8070613552876783,0.7599056873856396,0.8129229727680687,0.0826373242433872,0.0765723350469835,0.090999619701888,0.9356470839632292,0.9336994574054476,0.9366152367981712,0.5357402236675355,0.520360118528646,0.5633014075737851,0.7104338441319016,0.691635060303118,0.7328756366741981,0.96806222899332,0.9668697996015472,0.9753427868276104,0.96875,0.96875,1.0,0.9975939199544857,0.9959327726704178,0.9983364467779344,14.636915294016944,14.611906002974138,14.71006708702771,2.0,2.0,2.0
ss,space_filling,28,5,0.8020558949254314,0.752424305471483,0.843012620488202,0.0831947056511811,0.072752124195638,0.0907880354868489,0.934216628092036,0.9327302784748348,0.9415070664363856,0.5455027089887159,0.50056704375868,0.5516697354253476,0.7191468751446748,0.6481540413551734,0.7830876448365423,0.9726825266611976,0.9703005976795968,0.976418024141568,0.96875,0.96875,1.0,0.9984542085096968,0.9982760455670934,0.9987270640127526,17.532211752957664,17.511410045000957,18.924883420026163,3.0,3.0,4.0
ss,space_filling,32,5,0.8012530710027066,0.7411447410361968,0.8468796808672872,0.0845598699708116,0.0781190859264539,0.0900947175901908,0.9363028637753892,0.9337392612131844,0.9401489712884624,0.5325568987760416,0.4961219779687505,0.550837086671008,0.6983031580636808,0.6270943559519273,0.7802352408942883,0.9772940349232392,0.9768369858197584,0.9784747451072304,0.96875,0.96875,0.96875,0.9984634293939962,0.9983424841774118,0.9987241109497916,20.35208012899966,19.862050127994735,21.84426829405129,4.0,4.0,4.0
ss,space_filling,36,5,0.821304976790788,0.7763709152692936,0.8521808740040926,0.077411837073329,0.0760074197914062,0.0905515852457681,0.9386246866333336,0.9346804162530236,0.943976868035642,0.5405308948307298,0.4993800382161468,0.5445791443532985,0.7295229158545191,0.6934950267035764,0.8025059942559236,0.9775225594749792,0.9746513535684987,0.9794298605414272,0.96875,0.9375,0.96875,0.9984211962926174,0.9964799257609273,0.9985488401712036,23.27688408596441,22.98080687894253,24.824868207157124,3.0,2.0,4.0
ss,space_filling,40,5,0.812479495701925,0.7794997919010079,0.8534036417027739,0.0783383758062717,0.0750814121808345,0.0904744069069877,0.936109213718848,0.93561101936163,0.9440043599826312,0.5373963135720482,0.4887396760069435,0.5441159779210069,0.7132789983040133,0.7119393774787768,0.8017469324707516,0.9788028829251142,0.9771621938356968,0.9792716512363764,0.96875,0.96875,0.96875,0.998413926784309,0.997457032496084,0.9984142431304398,25.729335793934297,24.99849700392224,26.711436707148096,2.0,2.0,4.0
ss,space_filling,44,5,0.8179082448418534,0.787073756419197,0.8505159811294392,0.0784583930132379,0.0768060389087456,0.0860851206124131,0.9394128119709626,0.9376655121702724,0.9448482744694996,0.5342966643272582,0.4912511211371524,0.5451141882118056,0.7308758719713195,0.7267003416474396,0.8000832927688558,0.9755449431618424,0.9753134888081564,0.9777012773936482,0.96875,0.96875,0.96875,0.9980411470400152,0.9966590981409336,0.9986166276178328,28.666632669890532,27.316312627954176,28.666724499169504,2.0,2.0,4.0
ss,space_filling,48,5,0.8141956673977846,0.8120851645989233,0.8553094286901441,0.074625370119032,0.0724716614946831,0.0809262549379123,0.939941943301537,0.936910212319017,0.9472585023857668,0.5327368161979169,0.4756635774869789,0.5410030940364584,0.7424908426296116,0.7255408577305654,0.7997378594981217,0.9786974100550802,0.9753691550451188,0.9804963084495488,0.96875,0.9375,0.96875,0.9975768057840868,0.9970174263245402,0.998153935627468,30.8522895401984,29.683289751934353,31.10309537788271,3.0,2.0,4.0
ss,uncertainty,0,5,0.4824649109343741,0.4824087673335749,0.4885207554397459,0.1518361168402994,0.1510662591188802,0.1524210613596663,0.9252449226413246,0.9250778575173048,0.9258353031994544,0.5830654525173611,0.5827116939453127,0.5861042606684025,0.3111691719645576,0.3073309884262309,0.3113985245320967,0.9781495370912926,0.9779356615492792,0.97858314777921,0.96875,0.96875,0.96875,0.9988921243586488,0.9988426873878068,0.998899068658896,0.0,0.0,0.0,0.0,0.0,0.0
ss,uncertainty,4,5,-6.309280620746171,-6.584844412177766,-5.766352544128919,0.815332029531249,0.7725263374999987,0.8178280798958335,0.9269013192499718,0.9251049045172252,0.9273231394586396,0.5734848117361112,0.5636216767057295,0.5805050793402776,-11.205249438531832,-12.347076722944404,-10.177869327365348,0.7172711824680651,0.6982538380405484,0.8324563459510137,0.71875,0.5,0.78125,0.9560210295093504,0.915211651830296,0.9699771156095044,2.9475330419954844,2.4868316660285927,3.1873807499941904,2.0,2.0,2.0
ss,uncertainty,8,5,0.1093274290928778,-0.0279400095280699,0.3535694013265362,0.2197552327399304,0.2084551213007598,0.2694245793849829,0.9262949888290076,0.925571136373996,0.928459543690894,0.5681052751605906,0.5680616618272571,0.5743763797309034,-0.5328094971004371,-2.6209386359311173,-0.0382830922693273,0.8801095745927575,0.8692575881870385,0.9169137466307278,0.8125,0.78125,0.875,0.974310037815716,0.9736494666393248,0.9817815341437208,4.882178250001743,4.825122707989067,5.406486874038819,3.0,2.0,4.0
ss,uncertainty,12,5,0.7555306632677622,0.7483459807754496,0.8120574387986652,0.1078192928198785,0.0953348523486328,0.1112345912995877,0.9289662895464166,0.9275386669283376,0.9291119382431028,0.5573448796875001,0.5553167895572918,0.5601974322873264,0.6316166982195315,0.619184116766049,0.7085139968708745,0.9625688503457166,0.9608783546232276,0.9677985468182352,0.90625,0.875,0.90625,0.9882526056218742,0.986561916619151,0.9925203133538952,7.708991375984624,7.138311789982254,7.756435749004595,4.0,4.0,4.0
ss,uncertainty,16,5,0.8138176164494609,0.7998568529679166,0.8372366496931263,0.0955203120755207,0.0860247545879991,0.097864718492296,0.929073605370179,0.9278602563350088,0.9303338996221808,0.5576034304991314,0.5509400979991321,0.5731475105403641,0.6750702995055955,0.6560433655927193,0.7258829914017997,0.9699138638228056,0.9503046994023204,0.9722547755771708,0.90625,0.875,0.90625,0.9925618901617252,0.9880192155930282,0.9948682105568272,9.812191000994062,9.77391204208834,10.66560079003102,5.0,5.0,7.0
ss,uncertainty,20,5,0.7293373369908509,0.7279237868138269,0.7710858386539785,0.1215999705029081,0.0907955398415798,0.1274523460864801,0.93007941548354,0.9292954313926944,0.9303244178226756,0.554143557450087,0.5470233997960066,0.5581363109765624,0.4798082666589445,0.3689033859143835,0.7019231454417401,0.9703181764912692,0.9601634829485526,0.9758467127622172,0.90625,0.84375,0.90625,0.989502353447696,0.9839932439272728,0.996119509677575,12.76909124996746,12.674161208968144,14.395725539012346,6.0,5.0,6.0
ss,uncertainty,24,5,0.7612589771860419,0.7231688081692114,0.7671887898184888,0.1066773161448568,0.0999727291870007,0.1137736470539277,0.932685660961716,0.9272803025787816,0.936619567029622,0.5328278465017362,0.51253657405816,0.5605224929513891,0.6258628456816825,0.6224666186800414,0.6429829457721288,0.9615785772881754,0.9532462205554904,0.974645493964608,0.90625,0.90625,0.96875,0.9911379826739328,0.9891031663949436,0.9973308106079248,15.54760529307532,15.095502541982569,16.60899783001514,5.0,4.0,7.0
ss,uncertainty,28,5,0.7645530806431732,0.7583612407164809,0.8090794910985261,0.1004301034906899,0.0973416135221354,0.1007287626595051,0.9321521797122756,0.9304907735438944,0.935698153187146,0.53389260765625,0.5275715915147567,0.5414696222005213,0.6899769562813834,0.6746930281722836,0.7159894918825345,0.9727645611156688,0.9715809211297316,0.9737665533809916,0.9375,0.9375,0.9375,0.9969119894283284,0.995658972802128,0.996955594240873,18.064497125946215,17.900192293076543,19.349160790035967,5.0,5.0,7.0
ss,uncertainty,32,5,0.780482649480785,0.7530358572439706,0.7903909866267329,0.1022092914969617,0.0964857395727646,0.1122087696892359,0.9322180627055618,0.9310888210096008,0.933120882628931,0.5349733936111108,0.5239690182855898,0.5569278129166666,0.6908619349679272,0.6476460113933213,0.6926734360055247,0.9747978436657682,0.9732011016055316,0.9757383100902378,0.9375,0.9375,0.9375,0.9964972954411664,0.9964822092994816,0.9978755650215873,20.93926066797576,20.870643584028585,21.67300070700003,6.0,4.0,8.0
ss,uncertainty,36,5,0.7741110978327737,0.7691327495590103,0.7841698881151801,0.1013442684976995,0.095845928794466,0.1115050397335069,0.9328834721441376,0.9290155602124528,0.935120783640864,0.5381400947829862,0.537602266493056,0.5414462128298607,0.7001862243184607,0.6423488364381453,0.7019227397293804,0.9762480956287356,0.9726415094339622,0.9769717567092464,0.9375,0.9375,0.9375,0.9961036199708344,0.9960637102237349,0.9975865063188551,23.754259832028765,22.929251334018772,24.594150458986405,7.0,6.0,7.0
ss,uncertainty,40,5,0.7802927634234134,0.7722793992012313,0.7850047393670805,0.1023111959361823,0.0936227238132596,0.1092170092282985,0.9348632786355324,0.9319802041135924,0.9356038344801264,0.5306370865364581,0.5219864571050351,0.531544095030382,0.7146249320754492,0.6595386070547344,0.7180685489257812,0.9774170866049456,0.9738515176374076,0.9785538497597562,0.9375,0.9375,0.9375,0.9975846059678292,0.9962123640388256,0.9980114636645252,26.61626408502343,26.07706937403418,27.2775734179304,7.0,6.0,8.0
ss,uncertainty,44,5,0.7757800977430224,0.7652330739346087,0.788794866736628,0.1073011113991815,0.0964067179326171,0.1080494206803849,0.933409066924037,0.9304743419044704,0.9349786311483892,0.5379017428385424,0.522878140716146,0.5488785994921874,0.6925619442388196,0.6909967925713421,0.7009641521285229,0.9774610336341264,0.9757588187038556,0.978574358373374,0.9375,0.90625,0.9375,0.996958819948372,0.9951853284396492,0.9982046538805776,29.885679461003747,28.429449541086797,30.06128687696764,7.0,6.0,8.0
ss,uncertainty,48,5,0.780522416696691,0.7774788525591227,0.7948481742445187,0.1029984431207681,0.0948822447951388,0.1050583375377604,0.9322581649420726,0.9313996633620204,0.9388956457846206,0.5388474502517365,0.5074034677126736,0.5503899369661455,0.708651361237933,0.6733022867574244,0.712771833510626,0.9788673385679127,0.9778887847181532,0.9803029415211532,0.9375,0.9375,0.9375,0.998151732848349,0.996648417880931,0.9982034432404884,32.38577450296725,31.750463957112515,33.28029266995145,8.0,7.0,9.0
typical,cell_balanced_random,0,5,0.7877198997393225,0.7807943965666516,0.8025515904740103,0.0628826014422092,0.0597177588721354,0.0634161143502604,0.9515610069717626,0.949663195247029,0.9515981756291472,0.521096054635416,0.5183433587239576,0.5233116197677947,0.4872167626186837,0.4435559315541876,0.511705296641455,0.9747978436657682,0.972556545177546,0.9750146490097268,0.8125,0.8125,0.8125,0.9853563176170606,0.9849278311185962,0.9875210198361516,0.0,0.0,0.0,0.0,0.0,0.0
typical,cell_balanced_random,4,5,0.7731015333631613,0.7243663182030391,0.8285324057531511,0.0555518817520615,0.0437671902218316,0.0625355675020399,0.9510781014939564,0.9508891100696116,0.9519194263630912,0.520339842949219,0.5179155738650169,0.5225295089583334,0.6323063867375389,0.6028320015421091,0.6948429042807319,0.9742704793155982,0.9713143091527012,0.9749736317824916,0.84375,0.8125,0.84375,0.9865178881713244,0.9833736567029948,0.9865752777955068,2.4135115829703864,2.3991982500301674,2.454579623998143,0.0,0.0,0.0
typical,cell_balanced_random,8,5,0.7751496782512313,0.7236102972976517,0.7818774780701627,0.0514876681670572,0.0504486538122612,0.0577423121836226,0.9505195733997428,0.9492913636643148,0.952013772597012,0.5255119411092504,0.50482245531467,0.5334046908268231,0.6144446758830775,0.5806379106683925,0.6150336956865097,0.9770918785890071,0.975799835931091,0.9781026602601663,0.84375,0.8125,0.84375,0.9863621245234092,0.9856885213456372,0.98821898918761,4.771255500992993,4.7623859580780845,4.847210332052782,0.0,0.0,0.0
typical,cell_balanced_random,12,5,0.7645606998901964,0.756214206428006,0.7769544158375816,0.0568193449622178,0.050886842381901,0.0594500953825955,0.9502597630540804,0.9493371857654872,0.9525109064077038,0.5278734962782116,0.5026462954144968,0.5330798914322917,0.6193052313249678,0.5632570394177264,0.623295071386775,0.9744638462439938,0.9723543888433144,0.9796056486581508,0.84375,0.8125,0.90625,0.9888590148119472,0.983801844190691,0.9906720208835572,7.182242581999162,7.131887249124702,7.2324459560913965,0.0,0.0,0.0
typical,cell_balanced_random,16,5,0.7586638985608795,0.7549427589123553,0.7969974263038117,0.0530484451412326,0.0526964019152343,0.0556555463935112,0.9524559369010318,0.950191892065929,0.9534903261936272,0.5118392316623261,0.4964619220638018,0.5219656050325517,0.6147743011130122,0.570464444492707,0.6278070236470659,0.9808420250791046,0.9785655689675375,0.9819201921950076,0.90625,0.875,0.90625,0.9912674973724512,0.990589201878101,0.9929054920070433,9.594785039982526,9.516285587043969,9.600860165111952,0.0,0.0,0.0
typical,cell_balanced_random,20,5,0.8093349078947908,0.7716656428990756,0.8279916930610117,0.0490454693388888,0.0482525531207681,0.0506782039417751,0.9499837037328256,0.9495485377476838,0.9533919266022542,0.5183515101925223,0.5033085419444441,0.5257042837738718,0.6764740678522887,0.6213195047148787,0.7118495690727831,0.9846712762217272,0.9772295792804406,0.9855912340325794,0.90625,0.875,0.9375,0.9913376360750512,0.9906695412079656,0.994306378746776,11.971316582144937,11.92437612908543,11.974076040962244,0.0,0.0,0.0
typical,cell_balanced_random,24,5,0.7877319454768302,0.7696414369190111,0.8203503076802916,0.0520286671149955,0.0495501447834635,0.0546118535690104,0.9516193501038392,0.9475713313287802,0.9524681182970184,0.5177580492296011,0.5025488241145831,0.5409509632031254,0.6380875346490793,0.6331398792242808,0.71617158447773,0.9840618774170866,0.9785684987694832,0.9851576233446616,0.90625,0.875,0.90625,0.9921887901674128,0.9919061375328848,0.9942707466249264,14.329801249929004,14.31789858706179,14.35735120717436,0.0,0.0,0.0
typical,cell_balanced_random,28,5,0.7812426077560978,0.7732724655175788,0.8404611076223099,0.0512986880191096,0.0444190118173673,0.0528511267605903,0.951532299540484,0.9509925026428676,0.9531997176999014,0.5170950658441844,0.5156305853754335,0.5194225366232639,0.6424966875484527,0.6310734676925521,0.731933517183661,0.980950427751084,0.9796027188562052,0.9824680651587951,0.875,0.875,0.9375,0.9926029669071372,0.991830092811427,0.9948493565092474,16.708464958908735,16.704813921067398,16.74441208218923,0.0,0.0,0.0
typical,cell_balanced_random,32,5,0.7919009620904184,0.7778008985046155,0.8523275262511247,0.043219500400868,0.0424268825779947,0.0501365804176432,0.9520260510421517,0.9510459094261348,0.9523397245402556,0.5193002304644102,0.5178846248242188,0.5223525837999132,0.64359945392171,0.6375084965781177,0.7673228989375586,0.9787823743114964,0.97790343372788,0.9799337864760342,0.875,0.84375,0.9375,0.988868769913448,0.9885315943191622,0.9951144568453886,19.156173250172287,19.109879006049596,19.157833500939887,0.0,0.0,0.0
typical,cell_balanced_random,36,5,0.8253793992728176,0.8021556087329924,0.832758799503496,0.0454125902629123,0.0390636184202691,0.046665680636545,0.9520942662428454,0.9488411644384506,0.9533629811862738,0.5206011207465273,0.5095873912630209,0.5290602407074659,0.6792247308806181,0.6475221074566551,0.7372532517128295,0.9792189148013593,0.9761162545411932,0.9803732567678424,0.90625,0.875,0.9375,0.9908839826077354,0.99032466606641,0.9946623023300416,21.58367616790929,21.49021171405911,21.584232292108936,0.0,0.0,0.0
typical,cell_balanced_random,40,5,0.8506497656244484,0.8413424022923653,0.8599811460598118,0.040615056453776,0.0360033296716796,0.0429573859689236,0.950410316025466,0.9497667098269652,0.9520709234104632,0.5204245865776906,0.5132546877864588,0.5246336102126731,0.7578633525890132,0.7308255896625593,0.7685050114435414,0.9817824915035744,0.976394585726005,0.9840472284073596,0.9375,0.875,0.96875,0.9938515571169336,0.990898963110773,0.9957397017966088,23.981759542919463,23.883242374140536,23.983862792141736,0.0,0.0,0.0
typical,cell_balanced_random,44,5,0.8590485908860476,0.857120334226894,0.8826106261140254,0.0410634934902653,0.0361557803543186,0.0412271493989149,0.948083259593167,0.9474835573346372,0.9535933067105978,0.5151136708463542,0.5071378647417537,0.5243958977365446,0.7285040223495423,0.7172750611688061,0.7783055105619158,0.9836517051447322,0.9814074768545648,0.984811906715106,0.9375,0.875,0.96875,0.993589256052638,0.991642658836942,0.9953952166831518,26.366021333931712,26.327179500134665,26.386543458182132,0.0,0.0,0.0
typical,cell_balanced_random,48,5,0.8531629806784282,0.8471460253792469,0.876607461446306,0.0417492722201606,0.0375953923113064,0.042858255921875,0.9519769680270936,0.9475081580207306,0.9523080285942028,0.5140162649544273,0.4966327082769098,0.5210654328428819,0.7387235591146515,0.7303657382655055,0.7674455624639316,0.9823625922887612,0.9822922770420718,0.9847884682995428,0.9375,0.90625,0.9375,0.9940188533580676,0.9936167335989,0.9956045568100972,28.745723667147104,28.74322441793629,28.78873008317896,0.0,0.0,0.0
typical,cell_balanced_space_filling,0,5,0.7877198997393227,0.7807943965666516,0.8025515904740103,0.0628826014422092,0.0597177588721354,0.0634161143502604,0.9515610069717626,0.949663195247029,0.9515981756291472,0.5210960546354161,0.5183433587239576,0.5233116197677949,0.4872167626186837,0.4435559315541879,0.511705296641455,0.9747978436657682,0.972556545177546,0.9750146490097268,0.8125,0.8125,0.8125,0.9853563176170606,0.9849278311185962,0.9875210198361516,0.0,0.0,0.0,0.0,0.0,0.0
typical,cell_balanced_space_filling,4,5,0.7634776213001004,0.7546884853075662,0.7846113470922322,0.0566641421045138,0.0544737622961433,0.060948072615191,0.9511273772162652,0.9503292038321056,0.9523152560167192,0.5164970804383682,0.5151968572265628,0.5252238606336808,0.6462285251656815,0.4181981172061505,0.6537697358814808,0.965211531700457,0.9645816242821984,0.969351341849291,0.78125,0.78125,0.8125,0.9836683912107635,0.98362016934943,0.9843614881478334,2.4602915850409772,2.4148573319835123,2.525234917004127,0.0,0.0,0.0
typical,cell_balanced_space_filling,8,5,0.793743408461149,0.7606554706252813,0.8004346107041012,0.0527200340167721,0.0500761861591579,0.0535145891242187,0.9518091123263372,0.9508283342025714,0.9521704283829376,0.5092202957335069,0.5089853169791672,0.511357764750434,0.6032552345502631,0.601359006014708,0.646967509782232,0.9715779913277862,0.9670953943513418,0.9757558889019105,0.8125,0.8125,0.84375,0.9846330181592224,0.9844742309454972,0.9870762788897371,4.837673710047966,4.804460664978251,4.947761041024933,0.0,0.0,0.0
typical,cell_balanced_space_filling,12,5,0.819404238105279,0.8191271164521432,0.8358057856675956,0.0477551061780722,0.0462809698868055,0.0489119144321831,0.9514282886681936,0.9504165140368276,0.952742532535644,0.5146925574088541,0.5042007312732515,0.5155713408289935,0.6462130850219121,0.6422780170465686,0.696575942132298,0.9731132075471698,0.9716248681589124,0.9748505801007852,0.8125,0.78125,0.84375,0.987027631826386,0.98417757235623,0.9877699509411296,7.217099668079754,7.217035163950641,7.296914000995457,0.0,0.0,0.0
typical,cell_balanced_space_filling,16,5,0.8488064963895934,0.8092197844575423,0.8706551657583428,0.0412521024476055,0.0392626978836588,0.0472452199463613,0.9525034882647052,0.9499226600466872,0.9542472542962058,0.5065912105164923,0.5021499688975692,0.5160409096354164,0.758291672956697,0.7372343969873019,0.7588593802730182,0.9752197351459042,0.9734120473455994,0.980399624985351,0.84375,0.8125,0.84375,0.9870530348383884,0.984535861417328,0.98967599524781,9.602302080980737,9.571754752105337,9.643889166036388,0.0,0.0,0.0
typical,cell_balanced_space_filling,20,5,0.8338578064819951,0.8326596592600085,0.8825406922908776,0.0414638108994502,0.0400060641737537,0.0416459293865451,0.9552285692430436,0.9506075015943094,0.9559653375713392,0.5085541581597217,0.5046027416493056,0.5169426835261653,0.7248254476788933,0.6873287289288038,0.8345834938081998,0.9772500878940584,0.9720877768662838,0.9793917731161376,0.84375,0.84375,0.875,0.9882425727283958,0.987405052622214,0.9884419305495084,12.016036914981669,11.954009793116713,12.041644791024735,0.0,0.0,0.0
typical,cell_balanced_space_filling,24,5,0.8895605250415176,0.8518123467198295,0.8996036548999269,0.0373038928435763,0.0364557090448495,0.0438943532405598,0.9558481843960326,0.9515431170846612,0.9567868897465636,0.4959383010546879,0.494637101206597,0.5115004227604165,0.775532378817174,0.6772810032126143,0.8342520996785034,0.97726180710184,0.9743993906011954,0.978799953123169,0.875,0.84375,0.875,0.9890889764558762,0.98860722348321,0.989414075768008,14.401229706971208,14.358961792080663,14.437365042016609,0.0,0.0,0.0
typical,cell_balanced_space_filling,28,5,0.890957134533767,0.8493314364177433,0.8914608964549374,0.0390018388251518,0.0350455880659722,0.0456372990795789,0.9569958653689178,0.949813731420362,0.957467117206672,0.4943128440755208,0.4887742111458341,0.5194277557204859,0.7813406395854103,0.645546749088177,0.8409013926915963,0.9786388140161724,0.9785333411461384,0.982406539317942,0.875,0.84375,0.9375,0.9892505208212846,0.9887847631988668,0.9940435449448304,16.780018168094102,16.757224997942103,16.85135637401254,0.0,0.0,0.0
typical,cell_balanced_space_filling,32,5,0.8811724397032954,0.8646440854716042,0.8820376898808143,0.0394994350435329,0.0356584228816406,0.0458091810728081,0.9551628134376442,0.9505017120306136,0.955889020648993,0.5124451641493062,0.4902069507204863,0.5147826102951383,0.7680820620257292,0.6762479706729632,0.8270132631549207,0.9803146607289348,0.9787735849056604,0.9823948201101608,0.875,0.875,0.9375,0.9912124556054104,0.9887019592193784,0.9944312446291604,19.20713479508413,19.135771039902465,19.265750457998365,0.0,0.0,0.0
typical,cell_balanced_space_filling,36,5,0.8929257450684941,0.878634783587832,0.8984807888997208,0.0368860418916015,0.0359956452221354,0.0413508269399305,0.9550851153932386,0.9508181609129372,0.9568718797243762,0.5019882355642362,0.4880162074956594,0.5097693921180559,0.80737266894008,0.7572625814861165,0.8230118153704757,0.9800041017227236,0.9767520215633424,0.9832942693073948,0.875,0.875,0.9375,0.9912596729728264,0.9894872437996548,0.9944689551681848,21.621995628083823,21.52164595585782,21.669406333036022,0.0,0.0,0.0
typical,cell_balanced_space_filling,40,5,0.8977821543302353,0.8511243470335175,0.9044338223269728,0.0394534517509331,0.035721684224631,0.0399503598089627,0.9546980242451742,0.9507530392324604,0.9567864305642416,0.506323882391493,0.4904185528559032,0.51020329781684,0.8051325630459127,0.7491751588179838,0.8231222597794478,0.9814455642798546,0.9786622524317358,0.983484706433845,0.90625,0.90625,0.90625,0.9924036889360752,0.9920674009085048,0.9931923323821126,24.080246128083672,23.92179078780464,24.08418345800601,0.0,0.0,0.0
typical,cell_balanced_space_filling,44,5,0.88478578994563,0.8423148928077507,0.8922203915090222,0.0373475345107421,0.0358843959359375,0.0408408434789496,0.953619990971267,0.9515952152358302,0.9587303487554842,0.4949472138498269,0.4931227299956592,0.4999705854730904,0.8096949438869863,0.7328660786875323,0.8306690628393705,0.9806076409234736,0.9798810500410172,0.9851517637407712,0.90625,0.90625,0.90625,0.9925942654163624,0.99252987741305,0.9932260254639882,26.46736187496572,26.32417228681152,26.48127037397353,0.0,0.0,0.0
typical,cell_balanced_space_filling,48,5,0.8887405997404607,0.8600797445183896,0.8904875931415372,0.0362952548268446,0.0348703157159722,0.0378076400872395,0.9541095928006172,0.9531402890101136,0.9577777501270252,0.4887695374435763,0.4860658992317708,0.5035887132421882,0.7983176919700172,0.738785634786348,0.8142659094547691,0.9814309152701276,0.981017813195828,0.983930036329544,0.90625,0.90625,0.9375,0.992743514687054,0.992675332807902,0.9935438356286024,28.87493420796818,28.729498620843515,28.88018225299311,0.0,0.0,0.0
typical,random,0,5,0.7877198997393225,0.7807943965666516,0.8025515904740103,0.0628826014422092,0.0597177588721354,0.0634161143502604,0.9515610069717626,0.9496631952470292,0.9515981756291472,0.521096054635416,0.5183433587239576,0.5233116197677947,0.4872167626186836,0.4435559315541879,0.511705296641455,0.9747978436657682,0.972556545177546,0.9750146490097268,0.8125,0.8125,0.8125,0.9853563176170606,0.9849278311185962,0.9875210198361516,0.0,0.0,0.0,0.0,0.0,0.0
typical,random,4,5,0.7627509001170014,0.7408563180767778,0.8134397194081255,0.056789354859657,0.0472260357396918,0.0718852009878782,0.9508787992756454,0.95060141642418,0.9509599141198496,0.524218207439236,0.5209359909244788,0.5343071741948789,0.6002966585815788,0.4020108215297594,0.669502569259372,0.9731512949724598,0.962466307277628,0.9751113324739248,0.8125,0.78125,0.84375,0.9844888120488038,0.9844231318000262,0.9874193238662176,2.359701374982251,2.354856624006061,2.3792446669831406,2.0,2.0,2.0
typical,random,8,5,0.7439158380264989,0.7313285541164104,0.7612944428299289,0.0571628395303974,0.0517577511398654,0.0781701596449652,0.950845296863238,0.9506667029013608,0.9514256653737838,0.523844803068576,0.5181484204210071,0.5379921194618059,0.5855556984622867,0.5323947384939467,0.6171748472206808,0.9780206258056956,0.9755625219735145,0.9780675026368216,0.84375,0.84375,0.875,0.987929396047323,0.987043739844062,0.988606903303778,4.325837292039068,4.199634166958276,4.9055749569961336,2.0,2.0,3.0
typical,random,12,5,0.7813491809313646,0.7409476413470361,0.8174942535928477,0.0528589764980469,0.0497894327539527,0.0535522866951605,0.9512635323680452,0.9493785574370412,0.9521864861323504,0.5125421961805559,0.5114236218012149,0.5307901314409719,0.6308699148849759,0.5824118009089547,0.6873555296255216,0.9742060236727996,0.9728524551740302,0.9757969061291456,0.84375,0.84375,0.84375,0.9867451411220098,0.985285087992569,0.9867661995282944,7.34423112202785,6.779859708040021,7.395730083953822,2.0,2.0,3.0
typical,random,16,5,0.8009001536517133,0.7596144060829071,0.8050564077068387,0.0538110010894748,0.0516154568234809,0.055789018982769,0.949696677204274,0.949612580210724,0.9514298638233444,0.5248780644748268,0.5172960691406244,0.5299468956467013,0.6109745972521147,0.5625719868921489,0.6497592088251508,0.9751962967303408,0.974080042189148,0.9765410758232744,0.875,0.84375,0.875,0.9894227934014916,0.986886039194236,0.9916029533802416,9.464960416982647,9.185207041009562,9.755205413064688,2.0,2.0,5.0
typical,random,20,5,0.8049316688385754,0.7812375804335204,0.8830324739015442,0.0477750076548177,0.042668219077539,0.049076249906033,0.9513113674613748,0.9503550922706834,0.9523386321693204,0.5247645078298616,0.515078233337673,0.5251401516059029,0.6999535479328977,0.5953689211456552,0.7640232376287199,0.9799220672682524,0.9762949724598616,0.9802443454822454,0.84375,0.84375,0.875,0.989978116725768,0.9896651197696944,0.9905549253417688,12.425028000958264,11.96241687401198,12.481127578066662,3.0,3.0,5.0
typical,random,24,5,0.8191355034056259,0.782652392738266,0.8890523314933095,0.0457401977904948,0.0396157154136718,0.0489912471981119,0.9510761241858092,0.9496822143591516,0.9519889580650852,0.5191708110416665,0.513708418289931,0.5366504906401912,0.7260257358106061,0.6171948070356748,0.8053693052042886,0.9796642446970584,0.9785860775811552,0.9804318528067504,0.875,0.84375,0.875,0.9901545036905748,0.989952359235738,0.9902604268479428,14.51277566209319,14.11063495799317,15.21900341694709,3.0,2.0,5.0
typical,random,28,5,0.8800905726110683,0.7823577489277487,0.8857634856966288,0.0417229157462456,0.0407247005176649,0.0479692276597129,0.949364454633584,0.9487347995145634,0.9507983398435808,0.5281980898090282,0.517445626970486,0.528411952005208,0.7215104489962733,0.607712992744876,0.7861520423319523,0.9763740771123872,0.975421891480136,0.980437712410641,0.875,0.875,0.875,0.9904758399340888,0.9887600967862146,0.9905312328499452,17.413854912127135,16.67259912492591,18.065714041964384,3.0,2.0,4.0
typical,random,32,5,0.8782572031096907,0.8451638698374546,0.8901395794415272,0.0402390724515407,0.0395089047852864,0.0499045679434462,0.948624106001294,0.9477762746811564,0.9490663647654616,0.5320006391102428,0.5295207445920145,0.5334737584374996,0.7538327130348226,0.7016037931738692,0.8175109207528161,0.9763389194890426,0.9756123286065862,0.9786212352045,0.875,0.875,0.875,0.990035883043358,0.9898812244003722,0.9906946578379318,19.64434199515381,19.33837325003697,20.84196962794522,3.0,2.0,3.0
typical,random,36,5,0.8555258932319008,0.8310342140930639,0.8886584325625632,0.0436160754890408,0.0392199490133463,0.0499179888521484,0.9498517089421112,0.9496023995246736,0.9518753045960284,0.522347001532118,0.5208902634288195,0.5254749755772574,0.7018406259738161,0.7007014087737411,0.8204042056856065,0.978416149068323,0.976476620180476,0.9794738075706084,0.875,0.875,0.90625,0.99093411460475,0.9900470303332032,0.9910255592995376,21.446035203174688,21.27111858391436,22.91123008696013,4.0,3.0,5.0
typical,random,40,5,0.8723707637106707,0.8607301033196539,0.8951058809609721,0.038666126177539,0.0382373940773654,0.043450711974566,0.9526402417803524,0.9507073761513236,0.9526961258915614,0.5096124853211803,0.4911436477430552,0.5256976445703124,0.7966675315640389,0.747794972863559,0.8302189091954825,0.9818967537794444,0.9813869682409472,0.9828723778272588,0.90625,0.90625,0.90625,0.9931323078060914,0.9926250256147952,0.9932457965682244,23.997225208033345,23.925578287162352,25.186781338008583,3.0,2.0,4.0
typical,random,44,5,0.8728617373903461,0.8544398394212052,0.8967881804908269,0.0391150304304904,0.0390242254446831,0.0392507636373698,0.9512762924777785,0.95082973499373,0.954876400479755,0.4972507850564233,0.493379150355903,0.5228593640039064,0.7766755161406905,0.7271770770111076,0.8091331003727434,0.9831243407945623,0.9799513652877064,0.9833499355443572,0.90625,0.90625,0.90625,0.9930238076305644,0.992663297987964,0.9944015158841965,27.034434875036823,26.060874327173224,27.418268544977764,4.0,2.0,4.0
typical,random,48,5,0.875966879392622,0.8482435044303556,0.8961822716415946,0.0392918921142578,0.0388282922600911,0.0408464202766927,0.9504800602426556,0.9480419784644132,0.9559609532310668,0.5061214167317709,0.4894240248263892,0.5212701067860241,0.8084631465865543,0.71424434755756,0.8095270819830517,0.9818967537794444,0.9807248330012892,0.9837864760342202,0.90625,0.875,0.90625,0.993016908290028,0.9916421548415622,0.9950156660194288,29.8327428320772,29.09969203613582,29.93602666290826,4.0,3.0,4.0
typical,space_filling,0,5,0.7877198997393227,0.7807943965666517,0.8025515904740103,0.0628826014422092,0.0597177588721354,0.0634161143502604,0.9515610069717626,0.9496631952470292,0.9515981756291472,0.5210960546354161,0.5183433587239576,0.5233116197677947,0.4872167626186837,0.4435559315541877,0.511705296641455,0.9747978436657682,0.972556545177546,0.9750146490097268,0.8125,0.8125,0.8125,0.9853563176170606,0.9849278311185962,0.9875210198361516,0.0,0.0,0.0,0.0,0.0,0.0
typical,space_filling,4,5,0.7648490651611337,0.7593082107958656,0.7686955596296425,0.0545031729714843,0.0533691159418712,0.0597661928592665,0.9520439600373286,0.951792079919338,0.953224731965035,0.5137440386935761,0.5101079542404511,0.5209220731532118,0.6075979057777872,0.5773030477989238,0.6341274536125295,0.9673180592991912,0.9658736669401148,0.974991210594164,0.8125,0.8125,0.84375,0.9861552955215912,0.9845814510053252,0.987386192002844,2.3270548750297166,2.1510875009698793,2.3676103749894537,2.0,0.0,2.0
typical,space_filling,8,5,0.7792218688941096,0.7743132074003891,0.7910605132438833,0.0544045925929904,0.053890897177973,0.0554236122076822,0.9509751282454826,0.9493380580538407,0.952028428850965,0.5233135886284723,0.5111709563975693,0.5344037185221353,0.6181473632815613,0.6088829921644063,0.6375106807007,0.9694480253134888,0.9689851166061172,0.9726268604242352,0.8125,0.8125,0.8125,0.9861389106358788,0.982794512308072,0.9862143415513476,4.583034916984616,4.4937105009448715,4.740691625018371,2.0,2.0,3.0
typical,space_filling,12,5,0.809480572944961,0.7922431664283573,0.8323387308142285,0.0533028665295355,0.0491306653595919,0.0547724067289496,0.94965733443625,0.947761864677653,0.9508033983205788,0.522595872851563,0.5224874984592018,0.5250907816059025,0.6443502232601663,0.5747831567273427,0.662034340215871,0.971501816477206,0.9679655455291224,0.9761748505801008,0.8125,0.8125,0.875,0.9861059000314916,0.9854425490082104,0.9898814657504812,6.882137166918255,6.7807582080422435,7.230396290979115,3.0,3.0,3.0
typical,space_filling,16,5,0.8453466007081927,0.8163987392344285,0.8465419068973226,0.0476925649078558,0.0453872122444878,0.0494573864445746,0.9507663344521,0.9483671097969328,0.9516282216756746,0.5277276847135415,0.5242175223242185,0.5283555653906253,0.6866746306478029,0.6726630811845145,0.6880368734656788,0.9772530176960036,0.9748242118832768,0.9788819875776396,0.84375,0.84375,0.875,0.9887782325053802,0.988225434449406,0.9896149000943244,9.29278770799283,9.16270387507393,9.293224791937972,2.0,2.0,4.0
typical,space_filling,20,5,0.869413208575919,0.8076942806208223,0.8756642488041617,0.0476529140595051,0.0417382584660373,0.0486482543250867,0.9495093557944244,0.9487441067972244,0.951009429351774,0.5281747412955725,0.5228488555164934,0.5301586217925355,0.6851773442357858,0.6480640627343475,0.7419134312759748,0.9794122817297553,0.972269424586898,0.980007031524669,0.875,0.84375,0.90625,0.990501008841015,0.9887426558882664,0.9913074829203132,11.746846541005652,11.294817415997386,11.824874703976093,4.0,3.0,4.0
typical,space_filling,24,5,0.8557001302635256,0.8276102773178738,0.8823581297236018,0.0430680104662605,0.0404409050450303,0.0479059351937282,0.9506808835743452,0.9482507092135052,0.9521121724815308,0.5192227935546877,0.5113906728862848,0.5246135356814239,0.7020033235612766,0.6888446592062867,0.735882847461478,0.981146724481425,0.9781026602601663,0.9816242821985236,0.875,0.875,0.90625,0.9912646381214576,0.9890169293049148,0.9929995984190229,14.181299250922166,14.162950790050672,14.35508033199585,3.0,2.0,4.0
typical,space_filling,28,5,0.8768167800245421,0.8493881652893042,0.8958013719669238,0.0392578536311198,0.0391447396485893,0.0413966944365451,0.9511478268509184,0.9501208506071662,0.9511532801581812,0.5230036437000866,0.507781789027778,0.5271065845572919,0.7878621409663197,0.7726241508266473,0.8007718005826114,0.9797843665768194,0.9782843079807804,0.9802677838978088,0.875,0.875,0.90625,0.9903885926708824,0.9889219570796308,0.9932501676461984,16.75196395497187,16.72284104200662,16.878300043928903,2.0,2.0,3.0
typical,space_filling,32,5,0.8721314257953413,0.8180955115816009,0.8795643335081325,0.0426151185553384,0.0410005125176866,0.0436638027493892,0.9507152034928732,0.950076486382445,0.9535004874522844,0.517656835177952,0.5029194129557293,0.5230776229969621,0.7464984058760682,0.664269103065909,0.7653488762321499,0.9780880112504394,0.9775284190788704,0.9793507558889016,0.875,0.84375,0.875,0.9887672131580502,0.9886743449801773,0.9924062192741256,19.378280581033323,18.870635330997175,19.453294162958628,3.0,2.0,4.0
typical,space_filling,36,5,0.8753108928810955,0.8522005657450697,0.8813456742011514,0.0416586238684461,0.0404196835346354,0.0427694019168836,0.9507465476340052,0.9503636865164772,0.9532611694843266,0.5132733184092888,0.5084647455815976,0.5197972391796879,0.7610764028783823,0.67163214361225,0.8095572359530472,0.9773321223485292,0.9753662252431736,0.9782257119418728,0.875,0.84375,0.875,0.9891007873791742,0.9881918837305208,0.9927269553358854,21.931337082060057,21.863267371954866,22.10304291502689,4.0,2.0,4.0
typical,space_filling,40,5,0.8817016920614735,0.8550181617414465,0.8860535110759935,0.0407429908123914,0.04000642887819,0.0425913344985025,0.9530267568037952,0.9498211285056544,0.9563905967761273,0.5032710694335943,0.5012535854817715,0.5156126745355906,0.7765522897379388,0.758652246084198,0.7775629791393003,0.9800480487519044,0.9761924293917732,0.9835872495019335,0.875,0.84375,0.90625,0.99261446158111,0.9887052024073684,0.9932002016717586,24.835870246955892,24.808745251910295,24.854706166050164,4.0,3.0,4.0
typical,space_filling,44,5,0.878461566768818,0.8578260725880829,0.8791084850870924,0.0404880117298828,0.0399141142964347,0.0413231932750216,0.9551404897633776,0.9495226254331872,0.9554952757586548,0.5048951748046874,0.4803743603342018,0.5114933684678824,0.7822758072019087,0.7651708151952978,0.8086369477395434,0.9799074182585256,0.9798986288526896,0.986402789171452,0.90625,0.875,0.90625,0.9925891921520816,0.9918001230577004,0.9935357317188704,27.57069999896339,26.78139775095042,27.62712099807686,3.0,2.0,3.0
typical,space_filling,48,5,0.886095226302124,0.8593009297480834,0.8901604696229087,0.0397358549758897,0.0358605997399088,0.0418801146131727,0.95284936357987,0.9497427842834648,0.957133956221937,0.4995929559635421,0.4839304831250003,0.5099800827436765,0.7986610999541596,0.7687348463401881,0.8104893385597595,0.9852923942341498,0.9804259932028596,0.9866986991679364,0.90625,0.90625,0.9375,0.993331761363564,0.9931964177045036,0.9959043089360264,30.013253667071695,29.97666741500143,30.033044459938537,3.0,2.0,4.0
typical,uncertainty,0,5,0.7877198997393227,0.7807943965666516,0.8025515904740103,0.0628826014422092,0.0597177588721354,0.0634161143502604,0.9515610069717626,0.949663195247029,0.9515981756291472,0.5210960546354162,0.5183433587239576,0.5233116197677948,0.4872167626186837,0.443555931554188,0.511705296641455,0.9747978436657682,0.972556545177546,0.9750146490097268,0.8125,0.8125,0.8125,0.9853563176170606,0.9849278311185962,0.9875210198361516,0.0,0.0,0.0,0.0,0.0,0.0
typical,uncertainty,4,5,0.6646390038449104,0.5135237264839546,0.6954152654423615,0.0840883774141927,0.0791326585849609,0.1089393037207031,0.9502692379403248,0.9498936481457864,0.9510337076726798,0.5254807854361979,0.5124434640993923,0.5289940430902773,0.2654765503487021,-0.2452760530296311,0.339617640162964,0.9784073596624868,0.9766348294855268,0.98152466893238,0.90625,0.8125,0.90625,0.9922377337906324,0.9853292216341866,0.9928251304212324,2.8551052500260994,2.8228423319815192,2.911556750012096,2.0,2.0,2.0
typical,uncertainty,8,5,0.7071481907456166,0.6781869946117729,0.7599481685335303,0.0815067240580511,0.0723513038559027,0.0842506923980469,0.9511773267946966,0.9509800393337652,0.9524484856247928,0.5121849984657117,0.5032788182031249,0.5130844047977432,0.2829862419843366,0.2347179015023195,0.5131335290889776,0.9786388140161724,0.9758408531583264,0.9844808390952772,0.875,0.875,0.9375,0.991042769095163,0.9895279570119524,0.994218729067184,5.578752084024018,4.95602166801109,5.6216029999777675,3.0,2.0,4.0
typical,uncertainty,12,5,0.7563747860617304,0.741773504367465,0.7572494689280355,0.0749925152442491,0.0744386671019096,0.0761131365587022,0.9513033122848988,0.951300551252733,0.9514824576364844,0.5139062335677083,0.5104994588671865,0.5147407778906252,0.4448168427227478,0.4171573649678222,0.47110123588998,0.9817824915035744,0.9793185280675026,0.9840384390015232,0.9375,0.9375,0.9375,0.9941357783048363,0.9940992078458368,0.9942609962242556,8.228521625016583,7.907241002016235,8.78044954201323,3.0,2.0,3.0
typical,uncertainty,16,5,0.738322277360995,0.72412230968046,0.7464964817276517,0.0798524049238715,0.0762968011527994,0.0800038917748047,0.9526974472299544,0.9503984717763188,0.9531096365496344,0.5026030753776041,0.4960262762825513,0.5194286178124999,0.4153734671221372,0.3814387932841914,0.4675407680272282,0.9839622641509432,0.9809035509199578,0.984457400679714,0.9375,0.9375,0.9375,0.994151869073958,0.994128848077903,0.9941646606162704,10.642745500023011,10.21918204301619,11.38659391697729,3.0,3.0,4.0
typical,uncertainty,20,5,0.7384624761575276,0.734793830512473,0.7442621212003888,0.0789365628624782,0.0786630383608941,0.0791912525435547,0.9513125628133042,0.9508068712203348,0.9527774627064116,0.5003118901171875,0.492722468244357,0.5154285221961803,0.536785068439253,0.4738280115528428,0.5467124327406999,0.9854681823508732,0.985400796906129,0.985737724129849,0.9375,0.9375,0.9375,0.9942128634420988,0.9933771442264324,0.9946178047586912,13.008303709008032,12.776946627011055,13.27997758294805,3.0,2.0,3.0
typical,uncertainty,24,5,0.7459712446802974,0.7328589622151525,0.7527570725791566,0.0783951643614149,0.0756154611244729,0.0795821472948784,0.9524111633554682,0.9509875563225998,0.9547490376398275,0.4969850650651042,0.4882495901215277,0.5050613164409719,0.5272224709640702,0.5120198731551251,0.6123014428405147,0.9867221375834992,0.9855765850228524,0.9872846595570138,0.9375,0.9375,0.9375,0.9939889013621592,0.9933514967349087,0.9941764931611592,15.26727470898186,15.14083979302086,15.289615290937943,2.0,2.0,3.0
typical,uncertainty,28,5,0.7553770753950559,0.7501149396894989,0.7600450902418725,0.0739290979139539,0.0733241923697916,0.0757118078014539,0.9529890484455736,0.951443279819762,0.9539340117472574,0.4943649673741317,0.4925269522786458,0.5032544302322046,0.5791046017617474,0.5457588440187116,0.597108341736597,0.9868158912457518,0.9858695652173912,0.988770069143326,0.9375,0.90625,0.9375,0.9955993428027806,0.9941785275901616,0.9961252036595752,17.827552082948387,17.53466124899569,18.080423125997186,3.0,2.0,4.0
typical,uncertainty,32,5,0.7655410416025229,0.7616454554319597,0.7660250762047998,0.0709607398388609,0.0708489452601996,0.071695322368815,0.951424323817892,0.9499912630938752,0.9515345744555904,0.504623038563368,0.4946877980316834,0.5067157219965277,0.6193223990943852,0.6100883605801395,0.6277913972655803,0.9885796320168756,0.9869506621352396,0.9890132427047932,0.9375,0.90625,0.96875,0.995984607222152,0.9952481990462784,0.9969060617723788,20.8342490849318,20.395485161890974,20.909516375977542,4.0,2.0,4.0
typical,uncertainty,36,5,0.7817393572447255,0.7774738113237184,0.784420177211431,0.0681182215247706,0.0678448755626518,0.0693560329187934,0.9489459505027544,0.9449415043290624,0.9528133197408412,0.4987140644032112,0.4940073350021697,0.5270015303949654,0.6652236487568788,0.6164430314161446,0.6815802689461941,0.9878706199460916,0.9868832766904956,0.9888638228055784,0.9375,0.90625,0.9375,0.9961579616905532,0.994810865121427,0.9967899763056668,23.09887841390446,22.843664960935712,24.3468565850053,3.0,2.0,4.0
typical,uncertainty,40,5,0.780588273991476,0.7764377935206869,0.7862408828804446,0.0675537586686848,0.0670555775661799,0.0680638472931857,0.9486088035655644,0.9470556450808691,0.9511328057262024,0.5151774349978293,0.5100218046636286,0.5153128967838536,0.6848004347226955,0.6767886626652362,0.690277402560962,0.9870414859955466,0.9869037853041134,0.9885942810266026,0.9375,0.9375,0.9375,0.9970990727359887,0.9967529145079312,0.997254076444112,26.22262349692755,26.101867168938043,26.86425700096879,3.0,2.0,4.0
typical,uncertainty,44,5,0.793073458079744,0.7763444958493534,0.8057634522198239,0.0630693802150515,0.0620588352042504,0.0671006085743272,0.9501474367567272,0.9462122866830752,0.9504638049568732,0.5124425031770826,0.5097833004535579,0.5219108791059025,0.7137898269796515,0.6805207829320011,0.7153101879507047,0.988506386968241,0.9862855970936364,0.98879936716278,0.9375,0.90625,0.9375,0.9969903947231558,0.9965780549499246,0.9973929606116404,28.9196508359164,28.714491912949597,29.17956241799402,4.0,3.0,4.0
typical,uncertainty,48,5,0.8085924485656912,0.7955840324436355,0.8110975117479882,0.0618043599749411,0.0592231308858414,0.0623022659654188,0.9494188725729618,0.9492775865632728,0.953298477790101,0.5100991844379335,0.5091182936718746,0.5107918157421876,0.7185424549130293,0.682856430387379,0.7255312675582697,0.9877504980663306,0.9874926754951364,0.9883071604359543,0.90625,0.90625,0.9375,0.9964278769797816,0.9962095959948256,0.9972172770834618,32.0868092100136,31.475009542918997,32.187913663015934,4.0,3.0,5.0
