protocol,selected_protocol,target,model,seed,train_hf_rows,train_lf_rows,test_hf_rows,include_source,hf_weight,r2,mae,rmse,mape_pct
hf_only,,delay_ns,GradientBoosting,0,56,0,24,False,,0.34210894056157237,0.12161158652093491,0.16798864611705394,56.386289778012156
lf_only,,delay_ns,GradientBoosting,0,0,155,24,False,,-170.26144478642414,1.963050391845511,2.7103959484382116,996.3235210099681
naive_merge_equal_weight,,delay_ns,GradientBoosting,0,56,155,24,False,,-0.15397852803537426,0.16412330222165325,0.22248554593925385,117.66531829616189
weighted_merge_no_source,,delay_ns,GradientBoosting,0,56,155,24,False,1.0,-0.15397852803537426,0.16412330222165325,0.22248554593925385,117.66531829616189
weighted_merge_no_source,,delay_ns,GradientBoosting,0,56,155,24,False,1.5,-0.572174232349139,0.19137010128848997,0.2596888329906005,138.14308333368774
weighted_merge_no_source,,delay_ns,GradientBoosting,0,56,155,24,False,2.0,-0.5481041347312285,0.18269916725792723,0.25769323824425333,118.98849106300369
weighted_merge_no_source,,delay_ns,GradientBoosting,0,56,155,24,False,3.0,-1.1373426716579003,0.20536043777241828,0.3027889458191495,112.74305822972062
weighted_merge_no_source,,delay_ns,GradientBoosting,0,56,155,24,False,5.0,-0.44215535298169284,0.17898862694057086,0.24871899883386767,102.30879033634747
weighted_merge_no_source,,delay_ns,GradientBoosting,0,56,155,24,False,10.0,-0.6596664212187195,0.19273641502085828,0.2668169045182437,104.6927834143969
source_indicator_equal_weight,,delay_ns,GradientBoosting,0,56,155,24,True,,-0.15783751727123696,0.16481373251980327,0.22285723948638259,117.76366654795743
source_indicator_weighted,,delay_ns,GradientBoosting,0,56,155,24,True,1.5,-0.5864565238107533,0.19299701004991432,0.26086572743151293,137.3692469912566
source_indicator_weighted,,delay_ns,GradientBoosting,0,56,155,24,True,3.0,-0.6174270296151094,0.1862589696713636,0.2633997060699531,106.19315860617648
two_stage_lf_plus_hf_residual,,delay_ns,GradientBoosting,0,56,155,24,False,,-16.84092296397041,0.42083693220603346,0.874805685059402,159.6893626014249
source_aware_validation_gate,hf_only,delay_ns,GradientBoosting,0,56,0,24,False,,0.34210894056157237,0.12161158652093491,0.16798864611705394,56.386289778012156
hf_only,,delay_ns,RandomForest,0,56,0,24,False,,0.36742945104049907,0.11863500541664329,0.1647242056279335,59.496664946741774
lf_only,,delay_ns,RandomForest,0,0,155,24,False,,-191.39589581421987,2.1274170313947205,2.872769884805945,1115.5298670551624
naive_merge_equal_weight,,delay_ns,RandomForest,0,56,155,24,False,,0.06459085191914815,0.14456197035028057,0.20031051344916917,75.8728630716738
weighted_merge_no_source,,delay_ns,RandomForest,0,56,155,24,False,1.0,0.06459085191914826,0.14456197035028054,0.20031051344916917,75.87286307167376
weighted_merge_no_source,,delay_ns,RandomForest,0,56,155,24,False,1.5,0.253067835902578,0.13088322070693245,0.17899607929175118,69.44887107340394
weighted_merge_no_source,,delay_ns,RandomForest,0,56,155,24,False,2.0,0.23257326726557725,0.13294565489814378,0.18143513802666966,69.94104580080482
weighted_merge_no_source,,delay_ns,RandomForest,0,56,155,24,False,3.0,0.35277165595094206,0.11703709541552454,0.1666217539419082,62.172913786738405
weighted_merge_no_source,,delay_ns,RandomForest,0,56,155,24,False,5.0,0.38980323956675234,0.11581330418321933,0.16178486338821965,58.803995699546086
weighted_merge_no_source,,delay_ns,RandomForest,0,56,155,24,False,10.0,0.391193340715832,0.11666568407881088,0.16160047568662703,58.30596065322396
source_indicator_equal_weight,,delay_ns,RandomForest,0,56,155,24,True,,0.035441416364171974,0.1457715442905891,0.20340763147578927,77.22356681843907
source_indicator_weighted,,delay_ns,RandomForest,0,56,155,24,True,1.5,0.19711621645175004,0.13512908113058017,0.18557919257085562,70.46527210230363
source_indicator_weighted,,delay_ns,RandomForest,0,56,155,24,True,3.0,0.35363323672925107,0.1175761048023728,0.1665108148048986,62.3621650180635
two_stage_lf_plus_hf_residual,,delay_ns,RandomForest,0,56,155,24,False,,-4.268825141045415,0.2830279354512015,0.47540071499094305,145.81091416998265
source_aware_validation_gate,hf_only,delay_ns,RandomForest,0,56,0,24,False,,0.36742945104049907,0.11863500541664328,0.1647242056279335,59.496664946741774
hf_only,,power_uW,GradientBoosting,0,56,0,24,False,,-0.5914445864294087,2.872040038674097,3.21092156111758,111.78582601018864
lf_only,,power_uW,GradientBoosting,0,0,155,24,False,,-2.204597445166513,3.7281948615580425,4.556387763452713,57.413610620847365
naive_merge_equal_weight,,power_uW,GradientBoosting,0,56,155,24,False,,-0.7561635142444956,2.93552382129918,3.3730005409467676,113.89791223658759
weighted_merge_no_source,,power_uW,GradientBoosting,0,56,155,24,False,1.0,-0.7561635142444956,2.93552382129918,3.3730005409467676,113.89791223658759
weighted_merge_no_source,,power_uW,GradientBoosting,0,56,155,24,False,1.5,-0.7498364667552906,2.908806026925884,3.366918991331129,117.0644347920437
weighted_merge_no_source,,power_uW,GradientBoosting,0,56,155,24,False,2.0,-0.6993783690663216,2.874280937773707,3.3180198416657642,120.34582527486704
weighted_merge_no_source,,power_uW,GradientBoosting,0,56,155,24,False,3.0,-0.7777183851583156,2.97241657284138,3.3936372465280553,120.02340313694877
weighted_merge_no_source,,power_uW,GradientBoosting,0,56,155,24,False,5.0,-0.6010401024921326,2.787361372587498,3.2205870394955096,115.73974312627114
weighted_merge_no_source,,power_uW,GradientBoosting,0,56,155,24,False,10.0,-0.6835639860336193,2.8903169917005584,3.3025450404478702,114.10793639988476
source_indicator_equal_weight,,power_uW,GradientBoosting,0,56,155,24,True,,-0.7415933428977977,2.921099499196566,3.3589791941592653,113.64404507143185
source_indicator_weighted,,power_uW,GradientBoosting,0,56,155,24,True,1.5,-0.74262842829997,2.8920491437757097,3.3599772210234167,116.81501313778455
source_indicator_weighted,,power_uW,GradientBoosting,0,56,155,24,True,3.0,-0.7499237365266722,2.9587485114538,3.367002949630305,119.84166078886152
two_stage_lf_plus_hf_residual,,power_uW,GradientBoosting,0,56,155,24,False,,-0.7620112973757096,2.889020871955402,3.3786116878459707,116.96228520022369
source_aware_validation_gate,weighted_merge_no_source_3.0,power_uW,GradientBoosting,0,56,155,24,False,3.0,-0.7777183851583156,2.97241657284138,3.3936372465280553,120.02340313694877
hf_only,,power_uW,RandomForest,0,56,0,24,False,,-0.3815132089255422,2.646753631543675,2.9916546398867045,115.26349134993947
lf_only,,power_uW,RandomForest,0,0,155,24,False,,-2.2203917619654923,3.703594553046024,4.567602366594575,54.89207379596917
naive_merge_equal_weight,,power_uW,RandomForest,0,56,155,24,False,,-0.4625891721647526,2.7202842946549026,3.0781878013316506,116.50006468264888
weighted_merge_no_source,,power_uW,RandomForest,0,56,155,24,False,1.0,-0.4625891721647526,2.7202842946549026,3.0781878013316506,116.50006468264887
weighted_merge_no_source,,power_uW,RandomForest,0,56,155,24,False,1.5,-0.4480392556164745,2.707223216234741,3.0628385423581497,116.08555531723752
weighted_merge_no_source,,power_uW,RandomForest,0,56,155,24,False,2.0,-0.45118874356145056,2.7119496777557632,3.0661675728060414,116.44642938562075
weighted_merge_no_source,,power_uW,RandomForest,0,56,155,24,False,3.0,-0.4713718605684909,2.732655930785144,3.087416059347625,117.52439058188993
weighted_merge_no_source,,power_uW,RandomForest,0,56,155,24,False,5.0,-0.4661986033131027,2.7258199469197435,3.0819836931849633,117.06960227463226
weighted_merge_no_source,,power_uW,RandomForest,0,56,155,24,False,10.0,-0.47322200977219375,2.7355984719156043,3.089356556504072,116.51885737717195
source_indicator_equal_weight,,power_uW,RandomForest,0,56,155,24,True,,-0.47113133082856695,2.722855617946989,3.087163694274734,117.10973397839854
source_indicator_weighted,,power_uW,RandomForest,0,56,155,24,True,1.5,-0.45847616736326624,2.71359401028376,3.073856607436144,116.56807884426657
source_indicator_weighted,,power_uW,RandomForest,0,56,155,24,True,3.0,-0.4814264260776735,2.744082929441054,3.0979469713886916,118.08428599023803
two_stage_lf_plus_hf_residual,,power_uW,RandomForest,0,56,155,24,False,,-0.5736795183875047,2.8649124674558677,3.1929497373308635,117.22868954259262
source_aware_validation_gate,source_indicator_equal_weight,power_uW,RandomForest,0,56,155,24,True,,-0.47113133082856673,2.722855617946989,3.087163694274734,117.10973397839854
hf_only,,delay_ns,GradientBoosting,1,56,0,24,False,,-0.044236452129806425,0.07195919149944174,0.10252047850638629,39.77703831133946
lf_only,,delay_ns,GradientBoosting,1,0,155,24,False,,-451.93181572559547,1.6173718197671707,2.135146180975941,875.9814821017591
naive_merge_equal_weight,,delay_ns,GradientBoosting,1,56,155,24,False,,-3.319642093946632,0.15559570305599288,0.20851393400460932,94.90447486317821
weighted_merge_no_source,,delay_ns,GradientBoosting,1,56,155,24,False,1.0,-3.319642093946632,0.15559570305599288,0.20851393400460932,94.90447486317821
weighted_merge_no_source,,delay_ns,GradientBoosting,1,56,155,24,False,1.5,-10.346610758243475,0.21982461017407603,0.33794364051010795,125.84202498045632
weighted_merge_no_source,,delay_ns,GradientBoosting,1,56,155,24,False,2.0,-9.25604632083551,0.22031580694195788,0.3212929429984391,110.06832527703614
weighted_merge_no_source,,delay_ns,GradientBoosting,1,56,155,24,False,3.0,-14.781529958372037,0.23794762599696473,0.39855269656549763,109.41483022941536
weighted_merge_no_source,,delay_ns,GradientBoosting,1,56,155,24,False,5.0,-11.556422449018557,0.1879205702034239,0.3555037278718348,82.63086351069725
weighted_merge_no_source,,delay_ns,GradientBoosting,1,56,155,24,False,10.0,-10.36376524758408,0.2063936065820995,0.33819900579931217,94.46160307012448
source_indicator_equal_weight,,delay_ns,GradientBoosting,1,56,155,24,True,,-3.205997784085465,0.15379633124937148,0.2057527836772295,93.52562349149136
source_indicator_weighted,,delay_ns,GradientBoosting,1,56,155,24,True,1.5,-10.356969904481966,0.23098017679222727,0.3380978719804587,127.18169555645613
source_indicator_weighted,,delay_ns,GradientBoosting,1,56,155,24,True,3.0,-13.653269535713696,0.23083198394879678,0.38404177556142993,107.60510851104101
two_stage_lf_plus_hf_residual,,delay_ns,GradientBoosting,1,56,155,24,False,,-9.503435535779214,0.19805335962893422,0.32514485555455547,113.48612339584474
source_aware_validation_gate,hf_only,delay_ns,GradientBoosting,1,56,0,24,False,,-0.044236452129806425,0.07195919149944174,0.10252047850638629,39.77703831133946
hf_only,,delay_ns,RandomForest,1,56,0,24,False,,0.047611932113072575,0.07272257091322086,0.09790799852856606,39.55940121608901
lf_only,,delay_ns,RandomForest,1,0,155,24,False,,-608.0317389956948,1.8045605826643076,2.47588895716869,940.5728588799176
naive_merge_equal_weight,,delay_ns,RandomForest,1,56,155,24,False,,-0.6896389097291649,0.08933073780794824,0.13040917602096927,47.72151817797858
weighted_merge_no_source,,delay_ns,RandomForest,1,56,155,24,False,1.0,-0.6896389097291649,0.08933073780794824,0.13040917602096927,47.72151817797858
weighted_merge_no_source,,delay_ns,RandomForest,1,56,155,24,False,1.5,-0.36312371840170377,0.08199560755833765,0.1171328841829215,44.039044744334
weighted_merge_no_source,,delay_ns,RandomForest,1,56,155,24,False,2.0,-0.34839440191530313,0.08150967163509946,0.11649832206466171,43.173890482723294
weighted_merge_no_source,,delay_ns,RandomForest,1,56,155,24,False,3.0,0.034745740240737955,0.07374027881613422,0.0985671190992886,40.707337505979496
weighted_merge_no_source,,delay_ns,RandomForest,1,56,155,24,False,5.0,0.024229092164952615,0.07424483227874171,0.0991026191958707,40.79020303632463
weighted_merge_no_source,,delay_ns,RandomForest,1,56,155,24,False,10.0,-0.0012817233187749633,0.07491413239519334,0.10038974343027639,41.42253749345426
source_indicator_equal_weight,,delay_ns,RandomForest,1,56,155,24,True,,-0.49628938528557764,0.08548756203794412,0.1227210316069009,46.19464511828326
source_indicator_weighted,,delay_ns,RandomForest,1,56,155,24,True,1.5,-0.2029607265062836,0.07881139486354301,0.11003653959236943,43.031770349092184
source_indicator_weighted,,delay_ns,RandomForest,1,56,155,24,True,3.0,0.0544150986804508,0.0731353365164611,0.09755768009336976,40.49575014561504
two_stage_lf_plus_hf_residual,,delay_ns,RandomForest,1,56,155,24,False,,-6.310966763407185,0.18993001363881876,0.27126802445768294,95.21169982308896
source_aware_validation_gate,hf_only,delay_ns,RandomForest,1,56,0,24,False,,0.047611932113072575,0.07272257091322086,0.09790799852856606,39.55940121608901
hf_only,,power_uW,GradientBoosting,1,56,0,24,False,,-0.6908661569576704,2.1773109889620823,2.7582050218981657,77.19315228100179
lf_only,,power_uW,GradientBoosting,1,0,155,24,False,,-2.011900130104159,3.0610498012360488,3.68122372739712,53.99377823912478
naive_merge_equal_weight,,power_uW,GradientBoosting,1,56,155,24,False,,-0.8971739296523364,2.251781420156579,2.9216319355941414,85.59092745298264
weighted_merge_no_source,,power_uW,GradientBoosting,1,56,155,24,False,1.0,-0.8971739296523364,2.251781420156579,2.9216319355941414,85.59092745298264
weighted_merge_no_source,,power_uW,GradientBoosting,1,56,155,24,False,1.5,-0.9255404951689381,2.2338213888782636,2.9433930308276706,84.81831113278328
weighted_merge_no_source,,power_uW,GradientBoosting,1,56,155,24,False,2.0,-0.9619722315876813,2.2561945760435798,2.9711074421551076,85.48686597679357
weighted_merge_no_source,,power_uW,GradientBoosting,1,56,155,24,False,3.0,-0.7856159620930774,2.170968894622615,2.834431454026302,81.23067206707394
weighted_merge_no_source,,power_uW,GradientBoosting,1,56,155,24,False,5.0,-0.8222460851235645,2.227136943212574,2.863356625555531,82.68424014105435
weighted_merge_no_source,,power_uW,GradientBoosting,1,56,155,24,False,10.0,-0.782367541685387,2.1298363804194675,2.8318520594192926,80.81771691132157
source_indicator_equal_weight,,power_uW,GradientBoosting,1,56,155,24,True,,-0.8938267409430452,2.243459985958379,2.919053476530849,85.59688692832214
source_indicator_weighted,,power_uW,GradientBoosting,1,56,155,24,True,1.5,-0.8933073821894004,2.2230105448691027,2.9186531917805496,84.14035949128092
source_indicator_weighted,,power_uW,GradientBoosting,1,56,155,24,True,3.0,-0.7912405488808092,2.1662535738100064,2.838892091500178,80.91366588639984
two_stage_lf_plus_hf_residual,,power_uW,GradientBoosting,1,56,155,24,False,,-1.0912627357992952,2.3413313406183915,3.0674410725543244,83.7970821679064
source_aware_validation_gate,naive_merge_equal_weight,power_uW,GradientBoosting,1,56,155,24,False,,-0.8971739296523364,2.251781420156579,2.9216319355941414,85.59092745298264
hf_only,,power_uW,RandomForest,1,56,0,24,False,,-0.6310773695349052,2.1580931483085375,2.7090012788789926,79.41928423539512
lf_only,,power_uW,RandomForest,1,0,155,24,False,,-1.8867821839085166,3.0086097313601243,3.6039514943177022,54.10453179195033
naive_merge_equal_weight,,power_uW,RandomForest,1,56,155,24,False,,-0.651962938365956,2.1402165186638555,2.7262901775453483,78.62711098670033
weighted_merge_no_source,,power_uW,RandomForest,1,56,155,24,False,1.0,-0.651962938365956,2.1402165186638555,2.7262901775453483,78.62711098670033
weighted_merge_no_source,,power_uW,RandomForest,1,56,155,24,False,1.5,-0.6616503264157194,2.146686396442565,2.7342722043491534,78.95669142819125
weighted_merge_no_source,,power_uW,RandomForest,1,56,155,24,False,2.0,-0.6916881946990521,2.1683104196480603,2.758875410003238,79.58713463119163
weighted_merge_no_source,,power_uW,RandomForest,1,56,155,24,False,3.0,-0.6838454023123135,2.1644532797412457,2.7524728047688596,79.73968923852377
weighted_merge_no_source,,power_uW,RandomForest,1,56,155,24,False,5.0,-0.6670352189722479,2.1623888153339283,2.738699084154046,79.34587547388688
weighted_merge_no_source,,power_uW,RandomForest,1,56,155,24,False,10.0,-0.6632261601328069,2.173681906107302,2.7355684269024945,79.3452435184833
source_indicator_equal_weight,,power_uW,RandomForest,1,56,155,24,True,,-0.6449052099836932,2.1406810130768252,2.72046014027638,78.54749940076654
source_indicator_weighted,,power_uW,RandomForest,1,56,155,24,True,1.5,-0.6553195117624655,2.1436432908935767,2.7290585052053857,78.81896880433534
source_indicator_weighted,,power_uW,RandomForest,1,56,155,24,True,3.0,-0.6777591792080413,2.1606798473923714,2.7474939247129906,79.68776402313345
two_stage_lf_plus_hf_residual,,power_uW,RandomForest,1,56,155,24,False,,-0.7889134778292157,2.289440197512741,2.837047433999839,82.34856818705978
source_aware_validation_gate,naive_merge_equal_weight,power_uW,RandomForest,1,56,155,24,False,,-0.651962938365956,2.1402165186638555,2.7262901775453483,78.62711098670033
hf_only,,delay_ns,GradientBoosting,2,56,0,24,False,,0.2240784024993986,0.09737001997287703,0.12903494967607174,66.08459188813217
lf_only,,delay_ns,GradientBoosting,2,0,155,24,False,,-330.01998292727546,1.795218771627941,2.665173844374164,1001.3808110406823
naive_merge_equal_weight,,delay_ns,GradientBoosting,2,56,155,24,False,,-1.6461332536228634,0.15482709005486978,0.23828916301139194,120.18108458963634
weighted_merge_no_source,,delay_ns,GradientBoosting,2,56,155,24,False,1.0,-1.6461332536228634,0.15482709005486978,0.23828916301139194,120.18108458963634
weighted_merge_no_source,,delay_ns,GradientBoosting,2,56,155,24,False,1.5,-1.681281934590504,0.1433833063115992,0.23986654385174735,117.02745853099302
weighted_merge_no_source,,delay_ns,GradientBoosting,2,56,155,24,False,2.0,-0.9398945179712321,0.14220889113266705,0.20402692983429754,112.3092612783366
weighted_merge_no_source,,delay_ns,GradientBoosting,2,56,155,24,False,3.0,-0.773924203513723,0.14369604669649455,0.19510390693897386,110.62890214794427
weighted_merge_no_source,,delay_ns,GradientBoosting,2,56,155,24,False,5.0,-0.038135895752239746,0.10743723983854443,0.14925384929831437,78.49145593533163
weighted_merge_no_source,,delay_ns,GradientBoosting,2,56,155,24,False,10.0,0.28701024041713574,0.09707239186395773,0.1236915644996723,62.715672675373234
source_indicator_equal_weight,,delay_ns,GradientBoosting,2,56,155,24,True,,-1.6391715115403138,0.1537909829864447,0.2379754977341177,120.04500770778309
source_indicator_weighted,,delay_ns,GradientBoosting,2,56,155,24,True,1.5,-1.6812819345905043,0.14338330631159915,0.23986654385174738,117.02745853099299
source_indicator_weighted,,delay_ns,GradientBoosting,2,56,155,24,True,3.0,-0.7574798242428646,0.14265013753293007,0.19419748919929355,109.82101010006559
two_stage_lf_plus_hf_residual,,delay_ns,GradientBoosting,2,56,155,24,False,,-21.39067132793,0.35107675542711464,0.6931576075031438,185.21259903096342
source_aware_validation_gate,source_indicator_weighted_1.5,delay_ns,GradientBoosting,2,56,155,24,True,1.5,-1.6812819345905043,0.14338330631159915,0.23986654385174738,117.02745853099299
hf_only,,delay_ns,RandomForest,2,56,0,24,False,,0.29475175929065267,0.08972847307684524,0.12301822099622002,62.35752212777946
lf_only,,delay_ns,RandomForest,2,0,155,24,False,,-411.5168211303222,2.0056172854519643,2.9752212534900173,1153.0541441924838
naive_merge_equal_weight,,delay_ns,RandomForest,2,56,155,24,False,,-1.089474098930347,0.13160059004942656,0.2117468374074102,83.71975161924045
weighted_merge_no_source,,delay_ns,RandomForest,2,56,155,24,False,1.0,-1.089474098930347,0.13160059004942656,0.2117468374074102,83.71975161924045
weighted_merge_no_source,,delay_ns,RandomForest,2,56,155,24,False,1.5,0.1647694618101928,0.09532313541164404,0.13387565817772032,67.4354194894568
weighted_merge_no_source,,delay_ns,RandomForest,2,56,155,24,False,2.0,0.25849289235168127,0.09060429166488056,0.1261409494851273,65.49509732821454
weighted_merge_no_source,,delay_ns,RandomForest,2,56,155,24,False,3.0,0.3645878407038078,0.08514138165360617,0.11676863331837743,62.865529808916584
weighted_merge_no_source,,delay_ns,RandomForest,2,56,155,24,False,5.0,0.28689997524814537,0.09114983843440634,0.12370112869312712,63.67477491099455
weighted_merge_no_source,,delay_ns,RandomForest,2,56,155,24,False,10.0,0.28491733959434606,0.09182807453804888,0.12387297277235827,63.498154986236045
source_indicator_equal_weight,,delay_ns,RandomForest,2,56,155,24,True,,-0.9322787843292966,0.12857189562587232,0.20362604650004942,81.29703676589806
source_indicator_weighted,,delay_ns,RandomForest,2,56,155,24,True,1.5,0.21584223827544957,0.0934024833699685,0.1297179746822607,65.9830358036947
source_indicator_weighted,,delay_ns,RandomForest,2,56,155,24,True,3.0,0.36619110741919536,0.08509591378380459,0.11662122544920242,62.71704525907557
two_stage_lf_plus_hf_residual,,delay_ns,RandomForest,2,56,155,24,False,,-6.585521978834253,0.19633475704968562,0.40345134912340314,139.3585622030579
source_aware_validation_gate,hf_only,delay_ns,RandomForest,2,56,0,24,False,,0.29475175929065267,0.08972847307684524,0.12301822099622002,62.35752212777946
hf_only,,power_uW,GradientBoosting,2,56,0,24,False,,-0.7152757227881359,2.71522501482615,3.294885398513277,99.61563934316318
lf_only,,power_uW,GradientBoosting,2,0,155,24,False,,-1.219325130712309,2.9360517649184366,3.74786387623304,52.90383240108868
naive_merge_equal_weight,,power_uW,GradientBoosting,2,56,155,24,False,,-0.5420692140837264,2.6637025060991526,3.1241025172300807,107.65810899987297
weighted_merge_no_source,,power_uW,GradientBoosting,2,56,155,24,False,1.0,-0.5420692140837264,2.6637025060991526,3.1241025172300807,107.65810899987297
weighted_merge_no_source,,power_uW,GradientBoosting,2,56,155,24,False,1.5,-0.5912420091689139,2.6646689334801428,3.1735216187061264,109.52872660038582
weighted_merge_no_source,,power_uW,GradientBoosting,2,56,155,24,False,2.0,-0.6267678888273032,2.6678264434095076,3.208751900301757,113.05817785596084
weighted_merge_no_source,,power_uW,GradientBoosting,2,56,155,24,False,3.0,-0.6369471961870359,2.6737424500041223,3.2187754369373756,109.60771832625558
weighted_merge_no_source,,power_uW,GradientBoosting,2,56,155,24,False,5.0,-0.5455646261257157,2.639100486051835,3.1276412184604516,107.98119550527454
weighted_merge_no_source,,power_uW,GradientBoosting,2,56,155,24,False,10.0,-0.5637532806005376,2.6854002530130683,3.1459908865034927,107.98507581930308
source_indicator_equal_weight,,power_uW,GradientBoosting,2,56,155,24,True,,-0.49814600178936086,2.639949763633394,3.079288734133285,107.26553122558771
source_indicator_weighted,,power_uW,GradientBoosting,2,56,155,24,True,1.5,-0.5682576696248685,2.652474100619657,3.150518639362006,109.03418602627073
source_indicator_weighted,,power_uW,GradientBoosting,2,56,155,24,True,3.0,-0.6951836098736976,2.719408906032173,3.275531012338958,111.42634244869451
two_stage_lf_plus_hf_residual,,power_uW,GradientBoosting,2,56,155,24,False,,-0.6146632806917394,2.568508562745134,3.1967916178759546,95.27344414894907
source_aware_validation_gate,hf_only,power_uW,GradientBoosting,2,56,0,24,False,,-0.7152757227881359,2.71522501482615,3.294885398513277,99.61563934316318
hf_only,,power_uW,RandomForest,2,56,0,24,False,,-0.3040984347673532,2.3949670536243386,2.872953058871537,106.46913021610717
lf_only,,power_uW,RandomForest,2,0,155,24,False,,-1.18615046951159,2.8634653248189523,3.719746711841778,50.03489007649328
naive_merge_equal_weight,,power_uW,RandomForest,2,56,155,24,False,,-0.37069930638917836,2.4613794487432803,2.9454010669203994,107.95569131808232
weighted_merge_no_source,,power_uW,RandomForest,2,56,155,24,False,1.0,-0.37069930638917836,2.4613794487432803,2.9454010669203994,107.95569131808232
weighted_merge_no_source,,power_uW,RandomForest,2,56,155,24,False,1.5,-0.358797853336146,2.450317538392188,2.9325860836949715,107.21756587994614
weighted_merge_no_source,,power_uW,RandomForest,2,56,155,24,False,2.0,-0.36697869210346434,2.4614871627388197,2.941400865017429,107.26631078034839
weighted_merge_no_source,,power_uW,RandomForest,2,56,155,24,False,3.0,-0.35379155334787393,2.4463372851067566,2.9271787475323006,106.33658456868974
weighted_merge_no_source,,power_uW,RandomForest,2,56,155,24,False,5.0,-0.35285546950162194,2.4439102455317636,2.9261665686049123,105.86087717378174
weighted_merge_no_source,,power_uW,RandomForest,2,56,155,24,False,10.0,-0.3503147331133556,2.4438156534950406,2.923417527046946,106.06089843872628
source_indicator_equal_weight,,power_uW,RandomForest,2,56,155,24,True,,-0.357327135165751,2.449358061055855,2.930998586582938,107.36128362454383
source_indicator_weighted,,power_uW,RandomForest,2,56,155,24,True,1.5,-0.350989312140485,2.444192558220034,2.924147664201669,106.90304510901258
source_indicator_weighted,,power_uW,RandomForest,2,56,155,24,True,3.0,-0.35343329576045934,2.443795446962497,2.9267914082178974,106.3615647624117
two_stage_lf_plus_hf_residual,,power_uW,RandomForest,2,56,155,24,False,,-0.40235707745762284,2.4905341295243346,2.9792205063832458,107.82653271425329
source_aware_validation_gate,weighted_merge_no_source_3.0,power_uW,RandomForest,2,56,155,24,False,3.0,-0.35379155334787393,2.446337285106756,2.9271787475323006,106.33658456868974
hf_only,,delay_ns,GradientBoosting,3,56,0,24,False,,0.4194673457310827,0.09649139195960206,0.1237184444026065,50.03554817988628
lf_only,,delay_ns,GradientBoosting,3,0,155,24,False,,-327.05196942578704,2.014784709759084,2.940982556927408,814.6380878732938
naive_merge_equal_weight,,delay_ns,GradientBoosting,3,56,155,24,False,,0.043365513939192635,0.12781766616218157,0.1588159586546997,77.20359530036697
weighted_merge_no_source,,delay_ns,GradientBoosting,3,56,155,24,False,1.0,0.043365513939192635,0.12781766616218157,0.1588159586546997,77.20359530036697
weighted_merge_no_source,,delay_ns,GradientBoosting,3,56,155,24,False,1.5,-0.7833506981501008,0.1347688545353545,0.21684005166817127,71.55271805009642
weighted_merge_no_source,,delay_ns,GradientBoosting,3,56,155,24,False,2.0,-0.41458942483843586,0.13051398779736045,0.19312403538447936,64.15828830978654
weighted_merge_no_source,,delay_ns,GradientBoosting,3,56,155,24,False,3.0,-3.2937830791401606,0.14680708992481695,0.3364659914411336,64.8894419999494
weighted_merge_no_source,,delay_ns,GradientBoosting,3,56,155,24,False,5.0,-4.329747807301134,0.13737997085924217,0.37486462043295665,61.97560128342069
weighted_merge_no_source,,delay_ns,GradientBoosting,3,56,155,24,False,10.0,-4.519956940277468,0.14951502442019857,0.38149510424235117,61.63393157798866
source_indicator_equal_weight,,delay_ns,GradientBoosting,3,56,155,24,True,,-0.5603880145910447,0.146623394939037,0.20283244553215932,80.32392174969017
source_indicator_weighted,,delay_ns,GradientBoosting,3,56,155,24,True,1.5,-2.3111559220361375,0.1545838835350314,0.29546833174446285,77.58471672986028
source_indicator_weighted,,delay_ns,GradientBoosting,3,56,155,24,True,3.0,-3.2481807732591363,0.1474520448891295,0.33467449639277325,64.94901841750512
two_stage_lf_plus_hf_residual,,delay_ns,GradientBoosting,3,56,155,24,False,,-13.096076915013194,0.2986710818837371,0.6096355080439868,93.22212709022953
source_aware_validation_gate,hf_only,delay_ns,GradientBoosting,3,56,0,24,False,,0.4194673457310827,0.09649139195960206,0.1237184444026065,50.03554817988628
hf_only,,delay_ns,RandomForest,3,56,0,24,False,,0.6543390409217773,0.07383316284480824,0.09546546435012111,41.81553932721534
lf_only,,delay_ns,RandomForest,3,0,155,24,False,,-447.62042353757806,2.336813704405345,3.4392254395679847,928.9276462976046
naive_merge_equal_weight,,delay_ns,RandomForest,3,56,155,24,False,,-3.2107030806439543,0.16814620416331186,0.33319496731205517,62.53461552272045
weighted_merge_no_source,,delay_ns,RandomForest,3,56,155,24,False,1.0,-3.2107030806439543,0.16814620416331186,0.33319496731205517,62.53461552272045
weighted_merge_no_source,,delay_ns,RandomForest,3,56,155,24,False,1.5,-0.29940789389999356,0.11901230067280986,0.1850946535737263,52.54838550643052
weighted_merge_no_source,,delay_ns,RandomForest,3,56,155,24,False,2.0,0.5908717772902742,0.08174621887154758,0.10386060394357478,45.47573182948164
weighted_merge_no_source,,delay_ns,RandomForest,3,56,155,24,False,3.0,0.692120138926009,0.07391629247264944,0.09009729763014705,42.871602882378916
weighted_merge_no_source,,delay_ns,RandomForest,3,56,155,24,False,5.0,0.6504562838720134,0.07476369525935889,0.0960001415862967,42.59652051993075
weighted_merge_no_source,,delay_ns,RandomForest,3,56,155,24,False,10.0,0.638112009768341,0.0763436061554111,0.09768057543341606,42.819972828820525
source_indicator_equal_weight,,delay_ns,RandomForest,3,56,155,24,True,,-3.1499725224719777,0.16695383853687537,0.3307834211656468,62.078006940661446
source_indicator_weighted,,delay_ns,RandomForest,3,56,155,24,True,1.5,-0.2687578545005347,0.117430976113991,0.1828986483375614,52.120505278467576
source_indicator_weighted,,delay_ns,RandomForest,3,56,155,24,True,3.0,0.6945406241235514,0.07326781351840345,0.08974243601209753,42.73007501643374
two_stage_lf_plus_hf_residual,,delay_ns,RandomForest,3,56,155,24,False,,-9.349136830479114,0.2569998035773356,0.5223639394907181,95.99929794869038
source_aware_validation_gate,weighted_merge_no_source_3.0,delay_ns,RandomForest,3,56,155,24,False,3.0,0.692120138926009,0.07391629247264944,0.09009729763014705,42.87160288237892
hf_only,,power_uW,GradientBoosting,3,56,0,24,False,,-0.6639888843490591,2.6699116567007084,3.3038705469606513,66.23966107906224
lf_only,,power_uW,GradientBoosting,3,0,155,24,False,,-2.9033897511019693,4.319864715932138,5.060212681480186,63.33197833062211
naive_merge_equal_weight,,power_uW,GradientBoosting,3,56,155,24,False,,-0.6392134983869404,2.552642410491932,3.2791823879783957,64.5783381151511
weighted_merge_no_source,,power_uW,GradientBoosting,3,56,155,24,False,1.0,-0.6392134983869404,2.552642410491932,3.2791823879783957,64.5783381151511
weighted_merge_no_source,,power_uW,GradientBoosting,3,56,155,24,False,1.5,-0.6897192485429655,2.643226766014078,3.329316534547948,65.1491514751842
weighted_merge_no_source,,power_uW,GradientBoosting,3,56,155,24,False,2.0,-0.8226333747395194,2.7035707013162855,3.4577809012834444,68.69026865853357
weighted_merge_no_source,,power_uW,GradientBoosting,3,56,155,24,False,3.0,-0.7802066487955819,2.767475014875359,3.4172993289980527,68.21451539885089
weighted_merge_no_source,,power_uW,GradientBoosting,3,56,155,24,False,5.0,-0.6164319207602889,2.6181045343167297,3.2563158341050493,63.690723690110765
weighted_merge_no_source,,power_uW,GradientBoosting,3,56,155,24,False,10.0,-0.679435558637751,2.638390733273012,3.3191699048972385,64.313772836266
source_indicator_equal_weight,,power_uW,GradientBoosting,3,56,155,24,True,,-0.6422388699740549,2.552658186863622,3.282207061690369,64.71688729197386
source_indicator_weighted,,power_uW,GradientBoosting,3,56,155,24,True,1.5,-0.6781341455273184,2.6387471844023893,3.3178836250037542,64.98206677896775
source_indicator_weighted,,power_uW,GradientBoosting,3,56,155,24,True,3.0,-0.7760757490373646,2.762733733071842,3.4133321716725096,68.1879945640944
two_stage_lf_plus_hf_residual,,power_uW,GradientBoosting,3,56,155,24,False,,-1.0065099533193842,3.11799689054174,3.6280099639982537,76.17366091362004
source_aware_validation_gate,weighted_merge_no_source_3.0,power_uW,GradientBoosting,3,56,155,24,False,3.0,-0.7802066487955819,2.767475014875359,3.4172993289980527,68.21451539885089
hf_only,,power_uW,RandomForest,3,56,0,24,False,,-0.43626790332248677,2.5743088757984607,3.0694851708780604,58.47545521728945
lf_only,,power_uW,RandomForest,3,0,155,24,False,,-2.842402913322722,4.28600315799157,5.020526495702722,63.35813891912587
naive_merge_equal_weight,,power_uW,RandomForest,3,56,155,24,False,,-0.4025074625676863,2.5867835669534744,3.033195495239487,59.50126570252684
weighted_merge_no_source,,power_uW,RandomForest,3,56,155,24,False,1.0,-0.4025074625676863,2.5867835669534744,3.033195495239487,59.50126570252684
weighted_merge_no_source,,power_uW,RandomForest,3,56,155,24,False,1.5,-0.3919062178219568,2.5823924995589542,3.0217101221584812,59.00568611102882
weighted_merge_no_source,,power_uW,RandomForest,3,56,155,24,False,2.0,-0.3975997420388997,2.5914872250232275,3.0278838938586543,59.01533854660445
weighted_merge_no_source,,power_uW,RandomForest,3,56,155,24,False,3.0,-0.4165678185610231,2.6108990463545827,3.048361708009433,59.26230163390075
weighted_merge_no_source,,power_uW,RandomForest,3,56,155,24,False,5.0,-0.39117417134703647,2.5957174636733,3.0209154123082915,58.66889591960501
weighted_merge_no_source,,power_uW,RandomForest,3,56,155,24,False,10.0,-0.4007657717519626,2.6130021270234685,3.0313115373914528,59.1572792641054
source_indicator_equal_weight,,power_uW,RandomForest,3,56,155,24,True,,-0.41352442617115726,2.5985818578096027,3.045085356183957,59.77286361136597
source_indicator_weighted,,power_uW,RandomForest,3,56,155,24,True,1.5,-0.3974676886631128,2.591174710075433,3.027740844413612,59.26401204176809
source_indicator_weighted,,power_uW,RandomForest,3,56,155,24,True,3.0,-0.4145622249583898,2.6169871445968167,3.0462029902332683,59.28095706657294
two_stage_lf_plus_hf_residual,,power_uW,RandomForest,3,56,155,24,False,,-0.3830254609983097,2.574957298244497,3.0120550127174583,56.97035484645778
source_aware_validation_gate,weighted_merge_no_source_1.5,power_uW,RandomForest,3,56,155,24,False,1.5,-0.3919062178219568,2.5823924995589542,3.0217101221584812,59.00568611102882
hf_only,,delay_ns,GradientBoosting,4,56,0,24,False,,0.4445752167873186,0.11112762860414953,0.1415466339908123,61.81631465212863
lf_only,,delay_ns,GradientBoosting,4,0,155,24,False,,-237.48505707224137,1.89475860242971,2.933036754690957,891.9939647136927
naive_merge_equal_weight,,delay_ns,GradientBoosting,4,56,155,24,False,,-0.32704903960506093,0.17412231525656782,0.2187914795354018,98.601780300045
weighted_merge_no_source,,delay_ns,GradientBoosting,4,56,155,24,False,1.0,-0.32704903960506093,0.17412231525656782,0.2187914795354018,98.601780300045
weighted_merge_no_source,,delay_ns,GradientBoosting,4,56,155,24,False,1.5,-1.4475577994178508,0.21024212574650356,0.2971347169726609,111.63258237013125
weighted_merge_no_source,,delay_ns,GradientBoosting,4,56,155,24,False,2.0,-0.8192825498148857,0.18396966012456897,0.25617514815657516,97.5880426099439
weighted_merge_no_source,,delay_ns,GradientBoosting,4,56,155,24,False,3.0,-1.2269092950023865,0.20070971152284414,0.2834250181449233,93.76918457086214
weighted_merge_no_source,,delay_ns,GradientBoosting,4,56,155,24,False,5.0,-1.9970700185694983,0.22009630929126853,0.3288026913484538,97.0267848329084
weighted_merge_no_source,,delay_ns,GradientBoosting,4,56,155,24,False,10.0,-1.9778969802065358,0.20507128940607147,0.3277492856434676,82.37421723601867
source_indicator_equal_weight,,delay_ns,GradientBoosting,4,56,155,24,True,,-0.35194984796368245,0.1751988852087403,0.22083464618354742,98.75513216339087
source_indicator_weighted,,delay_ns,GradientBoosting,4,56,155,24,True,1.5,-1.6339761262962789,0.21435133562307737,0.30824272563310307,112.21791822330107
source_indicator_weighted,,delay_ns,GradientBoosting,4,56,155,24,True,3.0,-1.4749725024411906,0.20619335462433083,0.2987941623116232,94.55030138156242
two_stage_lf_plus_hf_residual,,delay_ns,GradientBoosting,4,56,155,24,False,,-3.1735973586611506,0.27412013731537227,0.3880093522111774,130.77305332897876
source_aware_validation_gate,hf_only,delay_ns,GradientBoosting,4,56,0,24,False,,0.4445752167873186,0.11112762860414953,0.1415466339908123,61.81631465212863
hf_only,,delay_ns,RandomForest,4,56,0,24,False,,0.44115854393351983,0.10993828005004962,0.14198132568567326,61.23546221624988
lf_only,,delay_ns,RandomForest,4,0,155,24,False,,-317.67259931680525,2.1791252008762974,3.390465117269759,1000.48176854206
naive_merge_equal_weight,,delay_ns,RandomForest,4,56,155,24,False,,-0.6132741814048712,0.1570456194463992,0.24123538462675656,74.34400583777828
weighted_merge_no_source,,delay_ns,RandomForest,4,56,155,24,False,1.0,-0.6132741814048712,0.15704561944639917,0.24123538462675656,74.34400583777828
weighted_merge_no_source,,delay_ns,RandomForest,4,56,155,24,False,1.5,-0.07164836743759673,0.13699385753614132,0.19661338144907206,69.10997847780325
weighted_merge_no_source,,delay_ns,RandomForest,4,56,155,24,False,2.0,0.3483181300302004,0.1211096419385197,0.15332209278869183,65.1485873598113
weighted_merge_no_source,,delay_ns,RandomForest,4,56,155,24,False,3.0,0.4755917489488385,0.10708786891697815,0.13753767458633334,62.210187456528665
weighted_merge_no_source,,delay_ns,RandomForest,4,56,155,24,False,5.0,0.4813155347779605,0.10631785740471804,0.13678502041206433,61.46946648810854
weighted_merge_no_source,,delay_ns,RandomForest,4,56,155,24,False,10.0,0.4534281653683978,0.1086615049304215,0.14041404265262344,61.87722060217426
source_indicator_equal_weight,,delay_ns,RandomForest,4,56,155,24,True,,-0.5793952076810298,0.15637149370730838,0.23868895718230426,74.1534899783385
source_indicator_weighted,,delay_ns,RandomForest,4,56,155,24,True,1.5,-0.052499768728424545,0.13608386720011292,0.1948488844237675,68.93653883730856
source_indicator_weighted,,delay_ns,RandomForest,4,56,155,24,True,3.0,0.47505537838068723,0.10712183410539322,0.13760799413857427,62.2446470754809
two_stage_lf_plus_hf_residual,,delay_ns,RandomForest,4,56,155,24,False,,-9.813380412124575,0.3122260291740364,0.6245506431619726,126.73713844868158
source_aware_validation_gate,hf_only,delay_ns,RandomForest,4,56,0,24,False,,0.44115854393351983,0.10993828005004962,0.14198132568567326,61.23546221624988
hf_only,,power_uW,GradientBoosting,4,56,0,24,False,,-0.6306456706551098,2.8773634149285865,3.487925213403707,64.96083241687528
lf_only,,power_uW,GradientBoosting,4,0,155,24,False,,-2.1596715149399532,3.9025576313710992,4.85521348826896,58.31790034999096
naive_merge_equal_weight,,power_uW,GradientBoosting,4,56,155,24,False,,-0.970881215354606,2.9464853227580954,3.8345781091508573,67.38830198561243
weighted_merge_no_source,,power_uW,GradientBoosting,4,56,155,24,False,1.0,-0.970881215354606,2.9464853227580954,3.8345781091508573,67.38830198561243
weighted_merge_no_source,,power_uW,GradientBoosting,4,56,155,24,False,1.5,-0.8000554172174441,2.8855518115265752,3.6646314242685674,66.94379317910179
weighted_merge_no_source,,power_uW,GradientBoosting,4,56,155,24,False,2.0,-0.9816359190963917,2.94491631447224,3.8450261374058274,63.81279515899331
weighted_merge_no_source,,power_uW,GradientBoosting,4,56,155,24,False,3.0,-0.8096190937635142,2.879137574778713,3.6743536030879778,63.443801649961685
weighted_merge_no_source,,power_uW,GradientBoosting,4,56,155,24,False,5.0,-0.9732821950545729,3.0758172166685482,3.8369130905434523,72.79009490294817
weighted_merge_no_source,,power_uW,GradientBoosting,4,56,155,24,False,10.0,-0.7113212702230232,2.89256477372102,3.5731655458895455,67.35781668535327
source_indicator_equal_weight,,power_uW,GradientBoosting,4,56,155,24,True,,-1.0481169964959736,2.99147912138674,3.9089916644161264,68.04153338838313
source_indicator_weighted,,power_uW,GradientBoosting,4,56,155,24,True,1.5,-0.785992761031221,2.8722175737817714,3.6502886719256367,66.03466244314956
source_indicator_weighted,,power_uW,GradientBoosting,4,56,155,24,True,3.0,-0.8899842235929782,2.91719883935577,3.7550563016884646,63.97374345306517
two_stage_lf_plus_hf_residual,,power_uW,GradientBoosting,4,56,155,24,False,,-0.9238062983438688,3.1857647728956575,3.7885064819774494,77.50935436383114
source_aware_validation_gate,source_indicator_weighted_1.5,power_uW,GradientBoosting,4,56,155,24,True,1.5,-0.785992761031221,2.8722175737817714,3.6502886719256367,66.03466244314956
hf_only,,power_uW,RandomForest,4,56,0,24,False,,-0.2398743225995026,2.6223689419276455,3.0414185926662722,63.561534792788024
lf_only,,power_uW,RandomForest,4,0,155,24,False,,-2.144727366828133,3.8737553936280107,4.84371814373575,57.91171548399888
naive_merge_equal_weight,,power_uW,RandomForest,4,56,155,24,False,,-0.30000644987667235,2.637735886970913,3.11429764276876,64.6257755605759
weighted_merge_no_source,,power_uW,RandomForest,4,56,155,24,False,1.0,-0.3000064498766726,2.637735886970913,3.1142976427687605,64.62577556057592
weighted_merge_no_source,,power_uW,RandomForest,4,56,155,24,False,1.5,-0.29349978686970846,2.633730485893459,3.1064941798071435,64.27856076536735
weighted_merge_no_source,,power_uW,RandomForest,4,56,155,24,False,2.0,-0.2876029833460403,2.633188745282625,3.0994051523528703,64.03481395703501
weighted_merge_no_source,,power_uW,RandomForest,4,56,155,24,False,3.0,-0.28946170591478904,2.63713518830297,3.1016414227045503,63.954348995328544
weighted_merge_no_source,,power_uW,RandomForest,4,56,155,24,False,5.0,-0.26581263171083713,2.6168382449995997,3.0730673337069727,63.66703623728589
weighted_merge_no_source,,power_uW,RandomForest,4,56,155,24,False,10.0,-0.2630915721248901,2.6163447928387966,3.069762540483376,63.67586366140152
source_indicator_equal_weight,,power_uW,RandomForest,4,56,155,24,True,,-0.3018845899375122,2.6435910194639582,3.116546468581156,64.80663552632095
source_indicator_weighted,,power_uW,RandomForest,4,56,155,24,True,1.5,-0.28755634236712524,2.631237838370988,3.0993490168043554,64.28727730409483
source_indicator_weighted,,power_uW,RandomForest,4,56,155,24,True,3.0,-0.2775257047645383,2.626067558702118,3.0872527570201793,63.79032921918715
two_stage_lf_plus_hf_residual,,power_uW,RandomForest,4,56,155,24,False,,-0.5024777982972799,2.841386218516289,3.348045837138407,72.17329492997155
source_aware_validation_gate,naive_merge_equal_weight,power_uW,RandomForest,4,56,155,24,False,,-0.3000064498766726,2.637735886970913,3.1142976427687605,64.62577556057592
hf_only,,delay_ns,GradientBoosting,5,56,0,24,False,,0.3437415800020813,0.08848839375009411,0.12415273469925031,61.92788601007503
lf_only,,delay_ns,GradientBoosting,5,0,155,24,False,,-295.8891918620332,1.6477485057980967,2.6406816018637764,855.6605377649921
naive_merge_equal_weight,,delay_ns,GradientBoosting,5,56,155,24,False,,-1.0220022930195571,0.17356261522352487,0.21792631122672948,107.53956940759026
weighted_merge_no_source,,delay_ns,GradientBoosting,5,56,155,24,False,1.0,-1.0220022930195571,0.17356261522352487,0.21792631122672948,107.53956940759026
weighted_merge_no_source,,delay_ns,GradientBoosting,5,56,155,24,False,1.5,-0.11643427105215531,0.13373710773397418,0.1619330238064305,91.33282186822788
weighted_merge_no_source,,delay_ns,GradientBoosting,5,56,155,24,False,2.0,-0.36364555177450075,0.14871193450533604,0.17896561448870044,96.25825421863449
weighted_merge_no_source,,delay_ns,GradientBoosting,5,56,155,24,False,3.0,-0.4965249626956916,0.14740594847400504,0.18748253996347508,97.60855301931967
weighted_merge_no_source,,delay_ns,GradientBoosting,5,56,155,24,False,5.0,-0.9626212031245323,0.14990445172817712,0.21470249390752189,89.70948755187766
weighted_merge_no_source,,delay_ns,GradientBoosting,5,56,155,24,False,10.0,-2.31537394884702,0.17102335381641054,0.2790519785772892,87.72067478795101
source_indicator_equal_weight,,delay_ns,GradientBoosting,5,56,155,24,True,,-1.0648134377800367,0.1740182810460881,0.22022126593050992,107.7096997910799
source_indicator_weighted,,delay_ns,GradientBoosting,5,56,155,24,True,1.5,-0.2633090277634924,0.13790435690580763,0.1722557174242406,91.9264251210751
source_indicator_weighted,,delay_ns,GradientBoosting,5,56,155,24,True,3.0,-0.21809589500018256,0.14020334119307495,0.16914516408174893,93.90776048129113
two_stage_lf_plus_hf_residual,,delay_ns,GradientBoosting,5,56,155,24,False,,-7.950031019733949,0.26163926075379274,0.4584913178457147,129.4464229244183
source_aware_validation_gate,hf_only,delay_ns,GradientBoosting,5,56,0,24,False,,0.3437415800020813,0.08848839375009411,0.12415273469925031,61.92788601007503
hf_only,,delay_ns,RandomForest,5,56,0,24,False,,0.4770090876961175,0.07695666499056221,0.11083219058401389,54.35707585009326
lf_only,,delay_ns,RandomForest,5,0,155,24,False,,-361.68731073887363,1.8192636840443086,2.918670217286337,940.6652976510763
naive_merge_equal_weight,,delay_ns,RandomForest,5,56,155,24,False,,0.2481986891214899,0.09102807357970429,0.13288329400704815,57.065280551022035
weighted_merge_no_source,,delay_ns,RandomForest,5,56,155,24,False,1.0,0.24819868912149,0.09102807357970429,0.13288329400704815,57.065280551022035
weighted_merge_no_source,,delay_ns,RandomForest,5,56,155,24,False,1.5,0.6747947507423617,0.07313507650326623,0.08739722018827276,54.24415155632229
weighted_merge_no_source,,delay_ns,RandomForest,5,56,155,24,False,2.0,0.6006423970982668,0.07764397309301395,0.09685004443258899,54.87119231176124
weighted_merge_no_source,,delay_ns,RandomForest,5,56,155,24,False,3.0,0.5510863921124527,0.076646632165785,0.102683397791846,54.5714100058905
weighted_merge_no_source,,delay_ns,RandomForest,5,56,155,24,False,5.0,0.5437732678466332,0.07522890468234508,0.10351641195329146,54.1587072374745
weighted_merge_no_source,,delay_ns,RandomForest,5,56,155,24,False,10.0,0.5460343386919759,0.07526597778307588,0.10325957840470507,54.51710973679997
source_indicator_equal_weight,,delay_ns,RandomForest,5,56,155,24,True,,0.1868267124773224,0.0928147144737345,0.1382007493113528,57.43933879353739
source_indicator_weighted,,delay_ns,RandomForest,5,56,155,24,True,1.5,0.6745331650518933,0.07304909530346464,0.08743236301996618,54.20332301296592
source_indicator_weighted,,delay_ns,RandomForest,5,56,155,24,True,3.0,0.5773688108434893,0.07622568728193581,0.09963217650352749,54.354443943927336
two_stage_lf_plus_hf_residual,,delay_ns,RandomForest,5,56,155,24,False,,-8.426832738635882,0.2218212755415787,0.4705456323086715,98.81945832406323
source_aware_validation_gate,hf_only,delay_ns,RandomForest,5,56,0,24,False,,0.4770090876961175,0.07695666499056221,0.11083219058401389,54.35707585009326
hf_only,,power_uW,GradientBoosting,5,56,0,24,False,,-0.6438052553999891,2.7531797540474408,3.256711290131233,76.55854784581263
lf_only,,power_uW,GradientBoosting,5,0,155,24,False,,-1.8158575666219834,3.278433850431604,4.262451192301478,50.528321284261835
naive_merge_equal_weight,,power_uW,GradientBoosting,5,56,155,24,False,,-1.0972130574845314,3.0724930283289393,3.6785389080704576,82.55309173857309
weighted_merge_no_source,,power_uW,GradientBoosting,5,56,155,24,False,1.0,-1.0972130574845314,3.0724930283289393,3.6785389080704576,82.55309173857309
weighted_merge_no_source,,power_uW,GradientBoosting,5,56,155,24,False,1.5,-1.022167553719593,3.01195771556462,3.6121239633126407,79.96139496712887
weighted_merge_no_source,,power_uW,GradientBoosting,5,56,155,24,False,2.0,-1.048134896290771,3.023263355550902,3.6352422399275945,82.15618324036099
weighted_merge_no_source,,power_uW,GradientBoosting,5,56,155,24,False,3.0,-0.881254829088902,2.8902939408316484,3.4839979542345842,79.1722245464765
weighted_merge_no_source,,power_uW,GradientBoosting,5,56,155,24,False,5.0,-0.983157468947667,2.9320320126102843,3.5771131466254866,79.44822015591785
weighted_merge_no_source,,power_uW,GradientBoosting,5,56,155,24,False,10.0,-0.8999220162461434,2.930422924959467,3.5012406747800005,77.53032684841389
source_indicator_equal_weight,,power_uW,GradientBoosting,5,56,155,24,True,,-1.0811017679843462,3.0512212545075577,3.6643819610014856,82.18586019847426
source_indicator_weighted,,power_uW,GradientBoosting,5,56,155,24,True,1.5,-1.0416170164056022,3.008687976500403,3.629453326054737,79.98271265222971
source_indicator_weighted,,power_uW,GradientBoosting,5,56,155,24,True,3.0,-0.8975269129545207,2.8943152546235495,3.499033090067677,78.66560525717667
two_stage_lf_plus_hf_residual,,power_uW,GradientBoosting,5,56,155,24,False,,-1.2205874495803832,3.1178988341579825,3.785192909640008,87.22501522152633
source_aware_validation_gate,source_indicator_equal_weight,power_uW,GradientBoosting,5,56,155,24,True,,-1.0811017679843462,3.0512212545075577,3.6643819610014856,82.18586019847426
hf_only,,power_uW,RandomForest,5,56,0,24,False,,-0.44999803652978865,2.4610342576935187,3.0587063487344692,68.40930911808873
lf_only,,power_uW,RandomForest,5,0,155,24,False,,-1.7810124800977052,3.2254392791856383,4.235996048928818,49.822097576480395
naive_merge_equal_weight,,power_uW,RandomForest,5,56,155,24,False,,-0.4583325084536698,2.4517266789276557,3.0674843518591364,70.02927125934166
weighted_merge_no_source,,power_uW,RandomForest,5,56,155,24,False,1.0,-0.4583325084536698,2.4517266789276557,3.0674843518591364,70.02927125934166
weighted_merge_no_source,,power_uW,RandomForest,5,56,155,24,False,1.5,-0.48512436661111535,2.4765066857953477,3.095533364232231,70.31790251083775
weighted_merge_no_source,,power_uW,RandomForest,5,56,155,24,False,2.0,-0.47969350511094877,2.4752933137245345,3.089868245985516,70.27375442324872
weighted_merge_no_source,,power_uW,RandomForest,5,56,155,24,False,3.0,-0.48187697549940567,2.476202631027758,3.092147146567705,69.993078622224
weighted_merge_no_source,,power_uW,RandomForest,5,56,155,24,False,5.0,-0.47133286491576487,2.472433861278327,3.0811266143064477,69.72302604270894
weighted_merge_no_source,,power_uW,RandomForest,5,56,155,24,False,10.0,-0.48194602818392807,2.480608924906036,3.092219189853881,70.20023326437847
source_indicator_equal_weight,,power_uW,RandomForest,5,56,155,24,True,,-0.4604309321001976,2.4531298009909848,3.069690490646815,70.01211350407478
source_indicator_weighted,,power_uW,RandomForest,5,56,155,24,True,1.5,-0.4751404174075782,2.468943186155492,3.0851107471973305,70.09348685257453
source_indicator_weighted,,power_uW,RandomForest,5,56,155,24,True,3.0,-0.4810984610639364,2.4761195578166246,3.0913347992934086,69.93865683751784
two_stage_lf_plus_hf_residual,,power_uW,RandomForest,5,56,155,24,False,,-0.3850968442428282,2.4697492272345,2.9894696407227914,69.6989773997476
source_aware_validation_gate,naive_merge_equal_weight,power_uW,RandomForest,5,56,155,24,False,,-0.4583325084536698,2.4517266789276557,3.0674843518591364,70.02927125934166
hf_only,,delay_ns,GradientBoosting,6,56,0,24,False,,-1.2505200886428867,0.1078512808559383,0.17302560558240335,94.36814081800576
lf_only,,delay_ns,GradientBoosting,6,0,155,24,False,,-311.5792436482419,1.5449389293948004,2.0391491796426524,1134.6807226477922
naive_merge_equal_weight,,delay_ns,GradientBoosting,6,56,155,24,False,,-5.59738853267908,0.2176692923150075,0.2962476824953397,185.4839117156232
weighted_merge_no_source,,delay_ns,GradientBoosting,6,56,155,24,False,1.0,-5.59738853267908,0.2176692923150075,0.2962476824953397,185.4839117156232
weighted_merge_no_source,,delay_ns,GradientBoosting,6,56,155,24,False,1.5,-4.986206156193585,0.20803828438911162,0.28219204420227445,165.14619845954402
weighted_merge_no_source,,delay_ns,GradientBoosting,6,56,155,24,False,2.0,-5.01771014788721,0.19241496466703678,0.2829336248910895,157.13059351205928
weighted_merge_no_source,,delay_ns,GradientBoosting,6,56,155,24,False,3.0,-2.59099022620378,0.15393907627373157,0.21856269771356995,127.33666059929496
weighted_merge_no_source,,delay_ns,GradientBoosting,6,56,155,24,False,5.0,-2.284616576238602,0.14608488605500314,0.20903127574182997,125.03744741690521
weighted_merge_no_source,,delay_ns,GradientBoosting,6,56,155,24,False,10.0,-1.004053765496685,0.11190828325466691,0.16327647484908353,96.15717985677782
source_indicator_equal_weight,,delay_ns,GradientBoosting,6,56,155,24,True,,-5.597388532679098,0.2176692923150079,0.2962476824953401,185.4839117156236
source_indicator_weighted,,delay_ns,GradientBoosting,6,56,155,24,True,1.5,-4.986206156193593,0.20803828438911168,0.2821920442022746,165.1461984595441
source_indicator_weighted,,delay_ns,GradientBoosting,6,56,155,24,True,3.0,-2.5909902262037843,0.15393907627373163,0.21856269771357006,127.33666059929504
two_stage_lf_plus_hf_residual,,delay_ns,GradientBoosting,6,56,155,24,False,,-11.886266582598235,0.2872022589810661,0.41403064458465094,193.19062949907163
source_aware_validation_gate,source_indicator_equal_weight,delay_ns,GradientBoosting,6,56,155,24,True,,-5.597388532679098,0.2176692923150079,0.2962476824953401,185.4839117156236
hf_only,,delay_ns,RandomForest,6,56,0,24,False,,-0.8237844649527404,0.10408557912814816,0.15575990979702134,91.3170093195807
lf_only,,delay_ns,RandomForest,6,0,155,24,False,,-394.2262621539352,1.742083069250701,2.2929354485334263,1296.2228912756802
naive_merge_equal_weight,,delay_ns,RandomForest,6,56,155,24,False,,-0.9945134497373762,0.1064083341423049,0.16288737165962017,93.95192732073009
weighted_merge_no_source,,delay_ns,RandomForest,6,56,155,24,False,1.0,-0.9945134497373751,0.10640833414230488,0.16288737165962014,93.95192732073005
weighted_merge_no_source,,delay_ns,RandomForest,6,56,155,24,False,1.5,-1.0032484419119814,0.10614126017963958,0.16324366544778224,94.11486018781288
weighted_merge_no_source,,delay_ns,RandomForest,6,56,155,24,False,2.0,-0.9092029896820821,0.10495822085158447,0.15936574740465648,92.60230272957601
weighted_merge_no_source,,delay_ns,RandomForest,6,56,155,24,False,3.0,-0.9623985805851052,0.10634324130039556,0.16157067580432283,93.55317664716901
weighted_merge_no_source,,delay_ns,RandomForest,6,56,155,24,False,5.0,-0.9247267305073197,0.10582847235187415,0.16001233762674485,92.65347611258701
weighted_merge_no_source,,delay_ns,RandomForest,6,56,155,24,False,10.0,-0.9551442312569085,0.10934147203557575,0.16127176218125575,94.16499403251373
source_indicator_equal_weight,,delay_ns,RandomForest,6,56,155,24,True,,-0.9164267422694365,0.10524984961359041,0.15966695472517795,92.78542717144917
source_indicator_weighted,,delay_ns,RandomForest,6,56,155,24,True,1.5,-0.9271524815156267,0.10495533263563711,0.1601131383957326,92.78581336564613
source_indicator_weighted,,delay_ns,RandomForest,6,56,155,24,True,3.0,-0.9559301278214443,0.10616500689061448,0.16130417160350743,93.33391272585887
two_stage_lf_plus_hf_residual,,delay_ns,RandomForest,6,56,155,24,False,,-16.024351367904828,0.2793828293795731,0.47588741299830983,182.74230294046924
source_aware_validation_gate,weighted_merge_no_source_3.0,delay_ns,RandomForest,6,56,155,24,False,3.0,-0.9623985805851052,0.10634324130039557,0.16157067580432283,93.55317664716901
hf_only,,power_uW,GradientBoosting,6,56,0,24,False,,-0.3178298041098997,2.5677050057753203,3.2390230505087447,158.39838565902673
lf_only,,power_uW,GradientBoosting,6,0,155,24,False,,-0.9682781950902386,2.9083756212076204,3.958472358479689,50.29598566246018
naive_merge_equal_weight,,power_uW,GradientBoosting,6,56,155,24,False,,-0.3445351870376303,2.7052609070956835,3.271677311021261,157.836549165871
weighted_merge_no_source,,power_uW,GradientBoosting,6,56,155,24,False,1.0,-0.3445351870376303,2.7052609070956835,3.271677311021261,157.836549165871
weighted_merge_no_source,,power_uW,GradientBoosting,6,56,155,24,False,1.5,-0.26187636979719575,2.5961921072078007,3.169514769505062,152.7090865487633
weighted_merge_no_source,,power_uW,GradientBoosting,6,56,155,24,False,2.0,-0.29086997751425203,2.6566899990094925,3.2057202910891567,154.41276466206938
weighted_merge_no_source,,power_uW,GradientBoosting,6,56,155,24,False,3.0,-0.29930711876340155,2.6248864659278497,3.2161795411101703,154.31189505673342
weighted_merge_no_source,,power_uW,GradientBoosting,6,56,155,24,False,5.0,-0.3077804989095283,2.618934585187137,3.226649592877838,155.66925834536883
weighted_merge_no_source,,power_uW,GradientBoosting,6,56,155,24,False,10.0,-0.3141142531762682,2.60439601653478,3.2344537009997536,156.8000500318847
source_indicator_equal_weight,,power_uW,GradientBoosting,6,56,155,24,True,,-0.3284464477207214,2.690716884176497,3.252043917454488,157.61611940427275
source_indicator_weighted,,power_uW,GradientBoosting,6,56,155,24,True,1.5,-0.29067710787584233,2.6389246944908833,3.205480797871209,154.35573871668208
source_indicator_weighted,,power_uW,GradientBoosting,6,56,155,24,True,3.0,-0.3093903545157852,2.6477309259389465,3.228634957530829,155.1717530935272
two_stage_lf_plus_hf_residual,,power_uW,GradientBoosting,6,56,155,24,False,,-0.17562699950098426,2.3640820488755816,3.0592794664176375,144.37853663659033
source_aware_validation_gate,weighted_merge_no_source_1.5,power_uW,GradientBoosting,6,56,155,24,False,1.5,-0.26187636979719575,2.5961921072078007,3.169514769505062,152.7090865487633
hf_only,,power_uW,RandomForest,6,56,0,24,False,,-0.2575215107719486,2.5944635323864236,3.164040889646853,153.82378898717135
lf_only,,power_uW,RandomForest,6,0,155,24,False,,-0.9304563120022806,2.89821708704671,3.9202554278352038,50.96919201567929
naive_merge_equal_weight,,power_uW,RandomForest,6,56,155,24,False,,-0.4169924478191398,2.7694478415566,3.3586762539527255,157.80447362669594
weighted_merge_no_source,,power_uW,RandomForest,6,56,155,24,False,1.0,-0.4169924478191398,2.7694478415565995,3.3586762539527255,157.80447362669594
weighted_merge_no_source,,power_uW,RandomForest,6,56,155,24,False,1.5,-0.43080241821740994,2.787266956425485,3.3750033538917976,158.3117506771393
weighted_merge_no_source,,power_uW,RandomForest,6,56,155,24,False,2.0,-0.43184568252440036,2.792904244481848,3.376233565306515,158.02480680663678
weighted_merge_no_source,,power_uW,RandomForest,6,56,155,24,False,3.0,-0.42246366223398835,2.783647065544558,3.3651541762541815,157.93604029062243
weighted_merge_no_source,,power_uW,RandomForest,6,56,155,24,False,5.0,-0.4137199136851568,2.7883960201053366,3.3547955924248236,157.5585556335599
weighted_merge_no_source,,power_uW,RandomForest,6,56,155,24,False,10.0,-0.3892864646062788,2.766528655208225,3.325678618504859,156.5310872513331
source_indicator_equal_weight,,power_uW,RandomForest,6,56,155,24,True,,-0.4150051264904271,2.762992957510727,3.356320168379725,157.82168179713958
source_indicator_weighted,,power_uW,RandomForest,6,56,155,24,True,1.5,-0.42763563853746334,2.788934284687952,3.371266355579674,158.24592351163537
source_indicator_weighted,,power_uW,RandomForest,6,56,155,24,True,3.0,-0.4174889317708801,2.7824330715222696,3.3592646067067173,157.88066137674235
two_stage_lf_plus_hf_residual,,power_uW,RandomForest,6,56,155,24,False,,-0.23410022923460372,2.5068790009217152,3.134437341009263,157.9236964898672
source_aware_validation_gate,source_indicator_weighted_1.5,power_uW,RandomForest,6,56,155,24,True,1.5,-0.42763563853746334,2.788934284687952,3.371266355579674,158.24592351163534
hf_only,,delay_ns,GradientBoosting,7,56,0,24,False,,-0.019561878368691055,0.13432368098989225,0.1810500788229029,90.8408246753556
lf_only,,delay_ns,GradientBoosting,7,0,155,24,False,,-202.53734678357188,1.843341573822862,2.558079152380767,1119.0624656883822
naive_merge_equal_weight,,delay_ns,GradientBoosting,7,56,155,24,False,,-0.6777590070706023,0.17910226742004,0.23225052980223482,144.54644516460905
weighted_merge_no_source,,delay_ns,GradientBoosting,7,56,155,24,False,1.0,-0.6777590070706023,0.17910226742004,0.23225052980223482,144.54644516460905
weighted_merge_no_source,,delay_ns,GradientBoosting,7,56,155,24,False,1.5,-0.5548601932280433,0.16992568891743406,0.22358239110660272,131.57362926330862
weighted_merge_no_source,,delay_ns,GradientBoosting,7,56,155,24,False,2.0,-1.1097352411861516,0.1683937732016343,0.26043893010301555,139.2537970428145
weighted_merge_no_source,,delay_ns,GradientBoosting,7,56,155,24,False,3.0,-0.6874218850330993,0.14871662378615605,0.2329183809260882,119.69558664313367
weighted_merge_no_source,,delay_ns,GradientBoosting,7,56,155,24,False,5.0,-0.0034297062637778097,0.13342317261520117,0.17961202153696104,94.4101257406853
weighted_merge_no_source,,delay_ns,GradientBoosting,7,56,155,24,False,10.0,0.09202402133361831,0.12739570261184816,0.17085555494293383,89.07041045183158
source_indicator_equal_weight,,delay_ns,GradientBoosting,7,56,155,24,True,,-0.7327817430405283,0.1835235720754654,0.23602817892559158,146.90348749911186
source_indicator_weighted,,delay_ns,GradientBoosting,7,56,155,24,True,1.5,-0.8032651606100478,0.17587504931470108,0.24078072617880839,138.09144771462567
source_indicator_weighted,,delay_ns,GradientBoosting,7,56,155,24,True,3.0,-0.6855116722799761,0.14826937423322398,0.23278650825876046,119.45715337229927
two_stage_lf_plus_hf_residual,,delay_ns,GradientBoosting,7,56,155,24,False,,-22.800322479566784,0.41500996266764556,0.8747487783229587,174.0569679823639
source_aware_validation_gate,hf_only,delay_ns,GradientBoosting,7,56,0,24,False,,-0.019561878368691055,0.13432368098989225,0.1810500788229029,90.8408246753556
hf_only,,delay_ns,RandomForest,7,56,0,24,False,,0.1815963641395817,0.12160278534367726,0.1622092808686786,86.06495018288327
lf_only,,delay_ns,RandomForest,7,0,155,24,False,,-226.9730428829638,1.9923575071118875,2.7072830978517874,1260.162474808892
naive_merge_equal_weight,,delay_ns,RandomForest,7,56,155,24,False,,0.13752591790308244,0.1240819417592815,0.1665194433428275,89.13304496134388
weighted_merge_no_source,,delay_ns,RandomForest,7,56,155,24,False,1.0,0.13752591790308233,0.12408194175928151,0.16651944334282753,89.13304496134388
weighted_merge_no_source,,delay_ns,RandomForest,7,56,155,24,False,1.5,0.1668136286799521,0.12288034057933479,0.16366770874618025,86.60865015154864
weighted_merge_no_source,,delay_ns,RandomForest,7,56,155,24,False,2.0,0.1660742488029393,0.12273356195397168,0.16374031301541256,86.28292646827353
weighted_merge_no_source,,delay_ns,RandomForest,7,56,155,24,False,3.0,0.1387668661267697,0.12406765894355863,0.16639960415252733,87.85578959555659
weighted_merge_no_source,,delay_ns,RandomForest,7,56,155,24,False,5.0,0.15622259089285884,0.12343071041096297,0.16470465385539815,86.7271634552257
weighted_merge_no_source,,delay_ns,RandomForest,7,56,155,24,False,10.0,0.13997041962648027,0.12491116809770253,0.16628329369287972,87.69016669211328
source_indicator_equal_weight,,delay_ns,RandomForest,7,56,155,24,True,,0.1341541043913076,0.12431287184892437,0.1668446269200888,88.96672311962047
source_indicator_weighted,,delay_ns,RandomForest,7,56,155,24,True,1.5,0.16456544048649413,0.12300073705602133,0.16388837241968646,86.7369572144098
source_indicator_weighted,,delay_ns,RandomForest,7,56,155,24,True,3.0,0.13975351173815243,0.12409888214769882,0.16630426150900093,87.95458982868448
two_stage_lf_plus_hf_residual,,delay_ns,RandomForest,7,56,155,24,False,,-10.695338085213887,0.2983019106591604,0.6131945895434526,153.45181277498418
source_aware_validation_gate,hf_only,delay_ns,RandomForest,7,56,0,24,False,,0.18159636413958158,0.12160278534367726,0.16220928086867864,86.06495018288328
hf_only,,power_uW,GradientBoosting,7,56,0,24,False,,-0.6186968576509282,2.94092664980228,3.423779041856568,155.9797076233424
lf_only,,power_uW,GradientBoosting,7,0,155,24,False,,-1.649692315576511,3.4745028921087253,4.380469798880113,56.05535609213194
naive_merge_equal_weight,,power_uW,GradientBoosting,7,56,155,24,False,,-0.47592928484913544,2.9084106166028008,3.269307285623893,149.64503515993937
weighted_merge_no_source,,power_uW,GradientBoosting,7,56,155,24,False,1.0,-0.47592928484913544,2.9084106166028008,3.269307285623893,149.64503515993937
weighted_merge_no_source,,power_uW,GradientBoosting,7,56,155,24,False,1.5,-0.4166027477021599,2.82828346702837,3.2029267548081664,145.85002461792192
weighted_merge_no_source,,power_uW,GradientBoosting,7,56,155,24,False,2.0,-0.4263383143985291,2.763227963053333,3.213913926582236,146.92344478755058
weighted_merge_no_source,,power_uW,GradientBoosting,7,56,155,24,False,3.0,-0.38849951447418407,2.7225121048270746,3.1709970166573878,149.29433926086534
weighted_merge_no_source,,power_uW,GradientBoosting,7,56,155,24,False,5.0,-0.35720970280675135,2.6759198795634327,3.1350642466052108,146.7486004153058
weighted_merge_no_source,,power_uW,GradientBoosting,7,56,155,24,False,10.0,-0.35859580733004304,2.6960273986876033,3.13666474274801,144.16869420119386
source_indicator_equal_weight,,power_uW,GradientBoosting,7,56,155,24,True,,-0.4244209850861813,2.8359902218933795,3.211753077524613,147.02622280223093
source_indicator_weighted,,power_uW,GradientBoosting,7,56,155,24,True,1.5,-0.40413373454894885,2.8129810954693126,3.1887994324322473,145.03623413039531
source_indicator_weighted,,power_uW,GradientBoosting,7,56,155,24,True,3.0,-0.35229090018469966,2.661176955947334,3.1293780362975836,146.35145883749817
two_stage_lf_plus_hf_residual,,power_uW,GradientBoosting,7,56,155,24,False,,-0.45703188825596075,2.8505983368033228,3.2483101988109615,152.4619963735331
source_aware_validation_gate,weighted_merge_no_source_3.0,power_uW,GradientBoosting,7,56,155,24,False,3.0,-0.38849951447418407,2.7225121048270746,3.1709970166573878,149.29433926086534
hf_only,,power_uW,RandomForest,7,56,0,24,False,,-0.1875266738677337,2.4945919852103775,2.9325447901295885,139.25359555491286
lf_only,,power_uW,RandomForest,7,0,155,24,False,,-1.570820413314355,3.4265452560113645,4.314781790027372,55.87103793164513
naive_merge_equal_weight,,power_uW,RandomForest,7,56,155,24,False,,-0.17196150464079163,2.516876418501138,2.9132626481720223,140.92367871202717
weighted_merge_no_source,,power_uW,RandomForest,7,56,155,24,False,1.0,-0.17196150464079163,2.516876418501138,2.9132626481720227,140.92367871202717
weighted_merge_no_source,,power_uW,RandomForest,7,56,155,24,False,1.5,-0.1699308198189613,2.50807554700889,2.9107376150958832,140.9241738946834
weighted_merge_no_source,,power_uW,RandomForest,7,56,155,24,False,2.0,-0.16456994731023533,2.49933102438778,2.904061147825806,140.29922219718512
weighted_merge_no_source,,power_uW,RandomForest,7,56,155,24,False,3.0,-0.16574043874399869,2.4995201075045466,2.905520195012212,140.62881767535885
weighted_merge_no_source,,power_uW,RandomForest,7,56,155,24,False,5.0,-0.1702024606126069,2.5150059458878036,2.9110755107953556,139.7515032005592
weighted_merge_no_source,,power_uW,RandomForest,7,56,155,24,False,10.0,-0.1683560064502969,2.506459178132603,2.9087779213999876,139.82822614500205
source_indicator_equal_weight,,power_uW,RandomForest,7,56,155,24,True,,-0.17634873596579337,2.5183477423500498,2.918710445683571,141.153179518527
source_indicator_weighted,,power_uW,RandomForest,7,56,155,24,True,1.5,-0.17485027696601518,2.514940480089798,2.9168508943974745,141.23584672679763
source_indicator_weighted,,power_uW,RandomForest,7,56,155,24,True,3.0,-0.16849320478828922,2.5031915409674554,2.9089487031561734,140.88481650450495
two_stage_lf_plus_hf_residual,,power_uW,RandomForest,7,56,155,24,False,,-0.25185435761968766,2.5314934546529,3.0109245310049033,147.343511003084
source_aware_validation_gate,hf_only,power_uW,RandomForest,7,56,0,24,False,,-0.1875266738677337,2.494591985210377,2.9325447901295885,139.25359555491286
hf_only,,delay_ns,GradientBoosting,8,56,0,24,False,,-0.7547096380561324,0.14588266571833133,0.21460879629712754,73.81781263639078
lf_only,,delay_ns,GradientBoosting,8,0,155,24,False,,-587.2877993538475,2.798103120999283,3.9295227610034003,1087.8579934283998
naive_merge_equal_weight,,delay_ns,GradientBoosting,8,56,155,24,False,,-3.651214912357781,0.24683647158404565,0.34940417604871604,122.1762294326879
weighted_merge_no_source,,delay_ns,GradientBoosting,8,56,155,24,False,1.0,-3.651214912357781,0.24683647158404565,0.34940417604871604,122.1762294326879
weighted_merge_no_source,,delay_ns,GradientBoosting,8,56,155,24,False,1.5,-15.311026925137874,0.3732786800644899,0.6543129867526701,145.5603745973378
weighted_merge_no_source,,delay_ns,GradientBoosting,8,56,155,24,False,2.0,-10.111094159988411,0.33591775771705956,0.5400367337653391,138.19962343359947
weighted_merge_no_source,,delay_ns,GradientBoosting,8,56,155,24,False,3.0,-11.998754325440496,0.34287330302685737,0.5841114987292526,145.10669602734467
weighted_merge_no_source,,delay_ns,GradientBoosting,8,56,155,24,False,5.0,-9.878292856479575,0.32091876800330055,0.5343493200464022,131.05124963405223
weighted_merge_no_source,,delay_ns,GradientBoosting,8,56,155,24,False,10.0,-8.758219972337622,0.30636106522181333,0.5060928361775484,128.19490578507603
source_indicator_equal_weight,,delay_ns,GradientBoosting,8,56,155,24,True,,-3.6395552459482916,0.24542649769219474,0.3489659580182969,122.38999369258671
source_indicator_weighted,,delay_ns,GradientBoosting,8,56,155,24,True,1.5,-15.311026925137863,0.37327868006449,0.6543129867526699,145.56037459733784
source_indicator_weighted,,delay_ns,GradientBoosting,8,56,155,24,True,3.0,-11.914423024586108,0.3374758356860761,0.5822136616347944,142.26392042254605
two_stage_lf_plus_hf_residual,,delay_ns,GradientBoosting,8,56,155,24,False,,-66.05245517227013,0.7288775506373835,1.3266373803556717,340.15893395269416
source_aware_validation_gate,hf_only,delay_ns,GradientBoosting,8,56,0,24,False,,-0.7547096380561324,0.14588266571833133,0.21460879629712754,73.81781263639078
hf_only,,delay_ns,RandomForest,8,56,0,24,False,,-0.5096180073678296,0.13471629556770048,0.1990574433252834,67.49268826978238
lf_only,,delay_ns,RandomForest,8,0,155,24,False,,-695.3721566687623,3.0888664640885763,4.275290079208712,1254.3890449806413
naive_merge_equal_weight,,delay_ns,RandomForest,8,56,155,24,False,,-86.01680034238359,0.815538748028854,1.5112852472645002,301.4436904892216
weighted_merge_no_source,,delay_ns,RandomForest,8,56,155,24,False,1.0,-86.01680034238359,0.815538748028854,1.5112852472645002,301.4436904892216
weighted_merge_no_source,,delay_ns,RandomForest,8,56,155,24,False,1.5,-44.4916942783074,0.6036133304628432,1.092725162564077,227.89807940387777
weighted_merge_no_source,,delay_ns,RandomForest,8,56,155,24,False,2.0,-27.323794615792206,0.4859855590524296,0.8622249905034428,187.61949213090776
weighted_merge_no_source,,delay_ns,RandomForest,8,56,155,24,False,3.0,-11.300826121479943,0.3422621987298944,0.5682141279155491,140.4733942280198
weighted_merge_no_source,,delay_ns,RandomForest,8,56,155,24,False,5.0,-7.634270730780807,0.2941208357709869,0.47605564454810206,122.25752050808462
weighted_merge_no_source,,delay_ns,RandomForest,8,56,155,24,False,10.0,-3.542116944402455,0.22451278295075563,0.34528208359349893,99.83947712176216
source_indicator_equal_weight,,delay_ns,RandomForest,8,56,155,24,True,,-86.86664246152262,0.8192454230506433,1.5186472347743376,301.48060420839187
source_indicator_weighted,,delay_ns,RandomForest,8,56,155,24,True,1.5,-47.491333966992464,0.6248487706565369,1.1281762520324639,237.2590749445608
source_indicator_weighted,,delay_ns,RandomForest,8,56,155,24,True,3.0,-11.63617643679384,0.34571733811480126,0.5759074922961919,141.3191882720623
two_stage_lf_plus_hf_residual,,delay_ns,RandomForest,8,56,155,24,False,,-37.26472434854647,0.49264989422833505,1.0021764254556151,201.56706084057495
source_aware_validation_gate,weighted_merge_no_source_3.0,delay_ns,RandomForest,8,56,155,24,False,3.0,-11.300826121479945,0.3422621987298944,0.5682141279155491,140.4733942280198
hf_only,,power_uW,GradientBoosting,8,56,0,24,False,,-0.6128383462679676,2.427066878000543,3.127373916472479,122.74301619679939
lf_only,,power_uW,GradientBoosting,8,0,155,24,False,,-2.0634316492661706,3.509664157494368,4.310111317315472,62.095281107172916
naive_merge_equal_weight,,power_uW,GradientBoosting,8,56,155,24,False,,-0.8151241555072319,2.6932000544823933,3.317703397988223,131.59308200799734
weighted_merge_no_source,,power_uW,GradientBoosting,8,56,155,24,False,1.0,-0.8151241555072319,2.6932000544823933,3.317703397988223,131.59308200799734
weighted_merge_no_source,,power_uW,GradientBoosting,8,56,155,24,False,1.5,-0.7921216880647817,2.6585899617148017,3.296614292804809,131.82298277285133
weighted_merge_no_source,,power_uW,GradientBoosting,8,56,155,24,False,2.0,-0.6149305051470375,2.534566318885099,3.1294016592497,124.49879542900011
weighted_merge_no_source,,power_uW,GradientBoosting,8,56,155,24,False,3.0,-0.7046880194270917,2.577275510472306,3.215191491300825,127.97217485388246
weighted_merge_no_source,,power_uW,GradientBoosting,8,56,155,24,False,5.0,-0.6642034150543838,2.532558728930136,3.1767833205730645,123.50615553413382
weighted_merge_no_source,,power_uW,GradientBoosting,8,56,155,24,False,10.0,-0.6525720519499361,2.5560246976655416,3.1656623514083844,123.38417004735216
source_indicator_equal_weight,,power_uW,GradientBoosting,8,56,155,24,True,,-0.7292137047241405,2.626191385020069,3.2382376942075974,126.84497828302558
source_indicator_weighted,,power_uW,GradientBoosting,8,56,155,24,True,1.5,-0.8022588202755949,2.660513782440495,3.30592479075476,131.95080072564195
source_indicator_weighted,,power_uW,GradientBoosting,8,56,155,24,True,3.0,-0.6280294457584568,2.5385787611880803,3.1420675476669855,122.72264866443415
two_stage_lf_plus_hf_residual,,power_uW,GradientBoosting,8,56,155,24,False,,-0.5489452070709591,2.4348271628378266,3.064801961810304,116.53549854749723
source_aware_validation_gate,hf_only,power_uW,GradientBoosting,8,56,0,24,False,,-0.6128383462679676,2.427066878000543,3.127373916472479,122.74301619679939
hf_only,,power_uW,RandomForest,8,56,0,24,False,,-0.4467271980773704,2.4435341553681225,2.961949928086671,119.4273684714855
lf_only,,power_uW,RandomForest,8,0,155,24,False,,-2.079320666191693,3.4918377079314253,4.321274429270169,60.36665106650526
naive_merge_equal_weight,,power_uW,RandomForest,8,56,155,24,False,,-0.5087749970184225,2.519106518351096,3.02479975113959,122.53248184059909
weighted_merge_no_source,,power_uW,RandomForest,8,56,155,24,False,1.0,-0.5087749970184225,2.519106518351096,3.02479975113959,122.53248184059909
weighted_merge_no_source,,power_uW,RandomForest,8,56,155,24,False,1.5,-0.4996157552057119,2.5092783188387706,3.015604527480165,122.2116379887159
weighted_merge_no_source,,power_uW,RandomForest,8,56,155,24,False,2.0,-0.5054280118721397,2.5164174411946565,3.0214428620389895,122.32356684724964
weighted_merge_no_source,,power_uW,RandomForest,8,56,155,24,False,3.0,-0.49033318809371185,2.493366647896224,3.006256798196286,121.57181976731115
weighted_merge_no_source,,power_uW,RandomForest,8,56,155,24,False,5.0,-0.4888402153168081,2.498383534163216,3.0047506302428535,121.76571352097534
weighted_merge_no_source,,power_uW,RandomForest,8,56,155,24,False,10.0,-0.47240398477738244,2.4873136338236788,2.9881189480894434,120.99480810385057
source_indicator_equal_weight,,power_uW,RandomForest,8,56,155,24,True,,-0.5095139558156987,2.5245638613828723,3.0255403946323263,122.54875109604448
source_indicator_weighted,,power_uW,RandomForest,8,56,155,24,True,1.5,-0.49383465152703043,2.510779437126248,3.009786251486801,122.07645476958986
source_indicator_weighted,,power_uW,RandomForest,8,56,155,24,True,3.0,-0.48283452692272455,2.491579130998255,2.998684220062127,121.30854959916687
two_stage_lf_plus_hf_residual,,power_uW,RandomForest,8,56,155,24,False,,-0.5070756365716664,2.4903673834832634,3.0230958280018476,124.4870279243682
source_aware_validation_gate,hf_only,power_uW,RandomForest,8,56,0,24,False,,-0.4467271980773706,2.4435341553681225,2.9619499280866712,119.4273684714855
hf_only,,delay_ns,GradientBoosting,9,56,0,24,False,,0.169210185679584,0.11469990225170527,0.16088163607104217,60.37233477117828
lf_only,,delay_ns,GradientBoosting,9,0,155,24,False,,-194.64534332621324,1.7538973099088242,2.4688553771679227,847.1539535073072
naive_merge_equal_weight,,delay_ns,GradientBoosting,9,56,155,24,False,,-0.8181070571552949,0.16563820342533275,0.23799652653350944,83.28534501293677
weighted_merge_no_source,,delay_ns,GradientBoosting,9,56,155,24,False,1.0,-0.8181070571552949,0.16563820342533275,0.23799652653350944,83.28534501293677
weighted_merge_no_source,,delay_ns,GradientBoosting,9,56,155,24,False,1.5,-1.1648050647705093,0.1822501310765521,0.259699007647496,99.93541762380084
weighted_merge_no_source,,delay_ns,GradientBoosting,9,56,155,24,False,2.0,-1.3214639238654309,0.18200001953238298,0.2689316162684476,86.846726613824
weighted_merge_no_source,,delay_ns,GradientBoosting,9,56,155,24,False,3.0,-2.445823647375277,0.19306050717857168,0.32764792053952185,81.6721709467821
weighted_merge_no_source,,delay_ns,GradientBoosting,9,56,155,24,False,5.0,-0.23817281115537714,0.1356847553385477,0.19640454068780128,62.87834919403085
weighted_merge_no_source,,delay_ns,GradientBoosting,9,56,155,24,False,10.0,-1.6916384917777005,0.16830056941000415,0.28958046263606163,66.60601429260585
source_indicator_equal_weight,,delay_ns,GradientBoosting,9,56,155,24,True,,-0.7688492309994053,0.16452960270322214,0.23475037841508425,82.82730641826089
source_indicator_weighted,,delay_ns,GradientBoosting,9,56,155,24,True,1.5,-1.158653651533982,0.18140309353942116,0.2593297706173678,99.01094133138866
source_indicator_weighted,,delay_ns,GradientBoosting,9,56,155,24,True,3.0,-2.712997892444974,0.20413341887324044,0.3401130091662415,83.93579428366684
two_stage_lf_plus_hf_residual,,delay_ns,GradientBoosting,9,56,155,24,False,,-1.6687073818187983,0.19231172288589052,0.2883443001543442,101.39134597068026
source_aware_validation_gate,hf_only,delay_ns,GradientBoosting,9,56,0,24,False,,0.169210185679584,0.11469990225170527,0.16088163607104217,60.37233477117828
hf_only,,delay_ns,RandomForest,9,56,0,24,False,,0.4752247326291297,0.09731727581704878,0.1278637895789642,53.9347741307608
lf_only,,delay_ns,RandomForest,9,0,155,24,False,,-228.34935478481464,1.9781790056740611,2.673065826800569,973.9520584883458
naive_merge_equal_weight,,delay_ns,RandomForest,9,56,155,24,False,,0.3998492292170609,0.09792606379049629,0.13673858347149462,56.162565730741775
weighted_merge_no_source,,delay_ns,RandomForest,9,56,155,24,False,1.0,0.3998492292170609,0.09792606379049629,0.13673858347149462,56.162565730741775
weighted_merge_no_source,,delay_ns,RandomForest,9,56,155,24,False,1.5,0.40840698308070145,0.09466137235217505,0.13576018213595936,55.50237255841143
weighted_merge_no_source,,delay_ns,RandomForest,9,56,155,24,False,2.0,0.4525728503612023,0.0956426599018616,0.13059425092781013,55.240400959074506
weighted_merge_no_source,,delay_ns,RandomForest,9,56,155,24,False,3.0,0.45792926414032653,0.09787527549302422,0.12995376715718143,55.10851207767134
weighted_merge_no_source,,delay_ns,RandomForest,9,56,155,24,False,5.0,0.4653085626333544,0.09816206227455455,0.12906619508787526,55.03584416958135
weighted_merge_no_source,,delay_ns,RandomForest,9,56,155,24,False,10.0,0.4774397170562864,0.09872447080077858,0.12759365891131896,55.528382208006654
source_indicator_equal_weight,,delay_ns,RandomForest,9,56,155,24,True,,0.40148303790934947,0.09797107178918675,0.13655233282433676,56.04046662585475
source_indicator_weighted,,delay_ns,RandomForest,9,56,155,24,True,1.5,0.41133555145582956,0.09429897819626236,0.1354237378018098,55.394210771493256
source_indicator_weighted,,delay_ns,RandomForest,9,56,155,24,True,3.0,0.46016146952107206,0.09749838182838139,0.12968592134767074,55.09159878418972
two_stage_lf_plus_hf_residual,,delay_ns,RandomForest,9,56,155,24,False,,-0.37230047945290523,0.15977260792390272,0.20676903457631127,83.70349357650615
source_aware_validation_gate,hf_only,delay_ns,RandomForest,9,56,0,24,False,,0.4752247326291297,0.09731727581704878,0.1278637895789642,53.9347741307608
hf_only,,power_uW,GradientBoosting,9,56,0,24,False,,-0.6051669524456549,2.9120048967265753,3.2763743435880666,97.63585954673424
lf_only,,power_uW,GradientBoosting,9,0,155,24,False,,-1.6376469732921195,3.3004609230163915,4.199927037538083,55.327800373845484
naive_merge_equal_weight,,power_uW,GradientBoosting,9,56,155,24,False,,-0.7121682675946979,2.9619648200676743,3.383815172786456,99.36489070432657
weighted_merge_no_source,,power_uW,GradientBoosting,9,56,155,24,False,1.0,-0.7121682675946979,2.9619648200676743,3.383815172786456,99.36489070432657
weighted_merge_no_source,,power_uW,GradientBoosting,9,56,155,24,False,1.5,-0.5096733200452555,2.814582474181701,3.1774220242233944,93.47015839823086
weighted_merge_no_source,,power_uW,GradientBoosting,9,56,155,24,False,2.0,-0.6250534042802811,2.9155976480996597,3.2966074096289866,96.99720647841451
weighted_merge_no_source,,power_uW,GradientBoosting,9,56,155,24,False,3.0,-0.4642665031361035,2.750042431806841,3.129273160773258,91.32007257723292
weighted_merge_no_source,,power_uW,GradientBoosting,9,56,155,24,False,5.0,-0.4902999979438052,2.8682435053866207,3.156968597426626,92.84053045720513
weighted_merge_no_source,,power_uW,GradientBoosting,9,56,155,24,False,10.0,-0.46117260121623915,2.8302667510803503,3.125965435091374,91.93887243310762
source_indicator_equal_weight,,power_uW,GradientBoosting,9,56,155,24,True,,-0.6961683712623306,2.951947402707697,3.3679674984807617,98.8761634723707
source_indicator_weighted,,power_uW,GradientBoosting,9,56,155,24,True,1.5,-0.4894423493580109,2.797934873935558,3.156060069173331,93.07093700277059
source_indicator_weighted,,power_uW,GradientBoosting,9,56,155,24,True,3.0,-0.4677637586173824,2.748457885899065,3.133007911550019,91.2231460450227
two_stage_lf_plus_hf_residual,,power_uW,GradientBoosting,9,56,155,24,False,,-0.9515615664081842,3.0827230108478605,3.6126387823437445,106.60765805532735
source_aware_validation_gate,weighted_merge_no_source_3.0,power_uW,GradientBoosting,9,56,155,24,False,3.0,-0.4642665031361035,2.750042431806841,3.129273160773258,91.32007257723292
hf_only,,power_uW,RandomForest,9,56,0,24,False,,-0.38359783505547784,2.8561961033373677,3.041853881364518,89.72507705837799
lf_only,,power_uW,RandomForest,9,0,155,24,False,,-1.6204464637241482,3.28641240071591,4.186210447515951,55.60578990474917
naive_merge_equal_weight,,power_uW,RandomForest,9,56,155,24,False,,-0.3939865743474762,2.809418722158328,3.0532523993256837,91.29967499356617
weighted_merge_no_source,,power_uW,RandomForest,9,56,155,24,False,1.0,-0.3939865743474762,2.809418722158328,3.0532523993256837,91.29967499356617
weighted_merge_no_source,,power_uW,RandomForest,9,56,155,24,False,1.5,-0.4078279121677304,2.8296609894156504,3.0683733159521642,92.05773656318206
weighted_merge_no_source,,power_uW,RandomForest,9,56,155,24,False,2.0,-0.39868782777718015,2.8179529580140383,3.0583966494728325,91.44311865877603
weighted_merge_no_source,,power_uW,RandomForest,9,56,155,24,False,3.0,-0.3926746608516043,2.8065791706590613,3.0518153173665703,90.99510216309787
weighted_merge_no_source,,power_uW,RandomForest,9,56,155,24,False,5.0,-0.40250165347913036,2.819527817506554,3.0625635018261104,91.19270703569026
weighted_merge_no_source,,power_uW,RandomForest,9,56,155,24,False,10.0,-0.39358633922641006,2.8155616183574472,3.0528140498487573,90.7086328155367
source_indicator_equal_weight,,power_uW,RandomForest,9,56,155,24,True,,-0.38778117971156956,2.8022008540983507,3.0464489734802207,91.28765652668429
source_indicator_weighted,,power_uW,RandomForest,9,56,155,24,True,1.5,-0.4011601533155136,2.8202716990326047,3.0610984724151704,91.90978060755975
source_indicator_weighted,,power_uW,RandomForest,9,56,155,24,True,3.0,-0.3932309588584908,2.8053298277091927,3.0524247738761767,91.01822022314452
two_stage_lf_plus_hf_residual,,power_uW,RandomForest,9,56,155,24,False,,-0.5114309603711991,2.914390715249977,3.179271146293428,98.36918491370248
source_aware_validation_gate,source_indicator_equal_weight,power_uW,RandomForest,9,56,155,24,True,,-0.38778117971156956,2.8022008540983507,3.0464489734802207,91.28765652668429
