target,strategy,seed,labeled_rows,test_rows,r2,mae,rmse,mape_pct
delay_avg_ns,random,0,20,64,0.37769694072871773,0.08308630024164498,0.1295313975484148,33.389434130479486
delay_avg_ns,random,0,40,64,0.3599291116615423,0.08685269636025596,0.1313675561715594,35.34418792051774
delay_avg_ns,random,0,60,64,0.4079265902522645,0.08025307296673487,0.12634610611560468,32.88248329679081
delay_avg_ns,random,0,80,64,0.6800381882667128,0.06443932808663762,0.09288020320556382,26.610692377653557
delay_avg_ns,random,0,100,64,0.6866981036308895,0.0639049127252778,0.09190848240284756,24.43659020463767
delay_avg_ns,random,0,120,64,0.6993947745138442,0.05914917468256295,0.09002691042782107,21.700079000141944
delay_avg_ns,random,0,140,64,0.7010972762065901,0.06085367737489923,0.0897716111404179,22.278004266454072
delay_avg_ns,random,0,160,64,0.7099689870464744,0.05900134408107019,0.08842932357499665,21.543388354268533
delay_avg_ns,random,0,180,64,0.7315538811199385,0.05754951430009332,0.08507513520847369,20.474463894774047
delay_avg_ns,random,0,200,64,0.7593929289624268,0.053677794690114494,0.08054308802479053,20.344576247020505
delay_avg_ns,uncertainty,0,20,64,0.37769694072871773,0.08308630024164498,0.1295313975484148,33.38943413047948
delay_avg_ns,uncertainty,0,40,64,0.489045194932172,0.07410182298193618,0.11737222219121765,32.34445658738417
delay_avg_ns,uncertainty,0,60,64,0.5708732324563457,0.0850639087318561,0.10756398560261732,37.6284865380234
delay_avg_ns,uncertainty,0,80,64,0.6705834015448754,0.07443614087351708,0.09424250524952932,34.26132149359063
delay_avg_ns,uncertainty,0,100,64,0.6990814887704169,0.06750580382678792,0.09007381048231969,29.877920716267102
delay_avg_ns,uncertainty,0,120,64,0.6894496292747367,0.07196705692088554,0.09150400633767511,32.409454403992086
delay_avg_ns,uncertainty,0,140,64,0.6777124563045545,0.07168142988726126,0.09321715488097317,30.56399380267981
delay_avg_ns,uncertainty,0,160,64,0.7223210423153718,0.06448907474507443,0.0865257890657724,27.026073018581894
delay_avg_ns,uncertainty,0,180,64,0.7597250407704826,0.058654415289575476,0.0804874817048657,24.38871120588576
delay_avg_ns,uncertainty,0,200,64,0.726857889041574,0.062088102120677814,0.08581602892896424,24.78595308828142
delay_avg_ns,hybrid_random_then_uncertainty,0,20,64,0.37769694072871784,0.08308630024164497,0.12953139754841478,33.38943413047948
delay_avg_ns,hybrid_random_then_uncertainty,0,40,64,0.3599291116615423,0.08685269636025597,0.1313675561715594,35.34418792051775
delay_avg_ns,hybrid_random_then_uncertainty,0,60,64,0.4079265902522645,0.08025307296673487,0.12634610611560468,32.88248329679082
delay_avg_ns,hybrid_random_then_uncertainty,0,80,64,0.6800381882667127,0.0644393280866376,0.09288020320556382,26.61069237765355
delay_avg_ns,hybrid_random_then_uncertainty,0,100,64,0.7114669379206107,0.06600425936885904,0.08820066826653954,27.290997866802925
delay_avg_ns,hybrid_random_then_uncertainty,0,120,64,0.7016804644950706,0.06584523248490508,0.08968399180836739,25.77256576959033
delay_avg_ns,hybrid_random_then_uncertainty,0,140,64,0.7095943038599939,0.06378804469101357,0.08848642485945099,24.416646210313274
delay_avg_ns,hybrid_random_then_uncertainty,0,160,64,0.7434336476749841,0.06363578482212093,0.08317138491756958,25.760859661230295
delay_avg_ns,hybrid_random_then_uncertainty,0,180,64,0.7468707003443145,0.06005695680019762,0.08261241005615115,24.015124006514842
delay_avg_ns,hybrid_random_then_uncertainty,0,200,64,0.7659858135750406,0.05702590280428964,0.07943194121632452,22.788177472421978
power_avg_uW,random,0,20,64,0.6933935136837677,1.2159467798936632,1.7342723965953222,22.79468307692393
power_avg_uW,random,0,40,64,0.7014174726422283,1.2261180536548246,1.7114288059275924,22.538223762704973
power_avg_uW,random,0,60,64,0.733450367708649,1.1612779306508632,1.617021098501824,21.978113195797157
power_avg_uW,random,0,80,64,0.7575753443292179,1.0712841880039885,1.542108874190102,19.978265362788907
power_avg_uW,random,0,100,64,0.7821360629653801,1.026553150920036,1.4619055551860334,20.306587355517205
power_avg_uW,random,0,120,64,0.7842445427765004,0.9905850168474175,1.4548142197961864,18.749093639047356
power_avg_uW,random,0,140,64,0.7934704217360099,1.0063677706991037,1.423369880921696,19.698147889988203
power_avg_uW,random,0,160,64,0.8167764701505313,0.9332827132970752,1.3406557200288927,17.62957143707774
power_avg_uW,random,0,180,64,0.8407798286100273,0.8986102036581209,1.2497573114296514,16.997930930719708
power_avg_uW,random,0,200,64,0.8786381866112656,0.8032722983327608,1.0911078269902668,16.192498681927514
power_avg_uW,uncertainty,0,20,64,0.6933935136837677,1.2159467798936636,1.7342723965953222,22.79468307692393
power_avg_uW,uncertainty,0,40,64,0.7156050071262876,1.190600870958939,1.6702735952201442,22.140808746566996
power_avg_uW,uncertainty,0,60,64,0.7901103602869767,0.9858753642877812,1.4349016786774436,19.77043049880723
power_avg_uW,uncertainty,0,80,64,0.8306750063066317,1.0291300203481055,1.288804894366236,26.45138835366781
power_avg_uW,uncertainty,0,100,64,0.8693712962862306,0.8897339056346109,1.1319987602718495,19.768944671321684
power_avg_uW,uncertainty,0,120,64,0.8795087830506844,0.8372641579173901,1.0871872185707763,17.801477704793754
power_avg_uW,uncertainty,0,140,64,0.8625748497595538,0.8910203327727142,1.1610736066509586,19.38155081960282
power_avg_uW,uncertainty,0,160,64,0.8840132116309403,0.8076360418677571,1.0666720224648218,17.87067814841074
power_avg_uW,uncertainty,0,180,64,0.889556585644109,0.7838099215565729,1.0408701518722547,16.380348088362013
power_avg_uW,uncertainty,0,200,64,0.889485502406169,0.7877810432226848,1.041205058755945,16.357505618512775
power_avg_uW,hybrid_random_then_uncertainty,0,20,64,0.6933935136837677,1.2159467798936636,1.7342723965953222,22.79468307692393
power_avg_uW,hybrid_random_then_uncertainty,0,40,64,0.7014174726422284,1.2261180536548246,1.7114288059275922,22.53822376270497
power_avg_uW,hybrid_random_then_uncertainty,0,60,64,0.733450367708649,1.1612779306508632,1.617021098501824,21.978113195797157
power_avg_uW,hybrid_random_then_uncertainty,0,80,64,0.7575753443292179,1.0712841880039885,1.542108874190102,19.97826536278891
power_avg_uW,hybrid_random_then_uncertainty,0,100,64,0.7735529424851486,0.9997233113658719,1.4904245086790031,19.104245501019577
power_avg_uW,hybrid_random_then_uncertainty,0,120,64,0.7835836495720726,0.9822795371765465,1.4570406795122783,19.682639951193355
power_avg_uW,hybrid_random_then_uncertainty,0,140,64,0.79461486937477,0.9546595917624443,1.4194207244529462,19.615092935149615
power_avg_uW,hybrid_random_then_uncertainty,0,160,64,0.811912617023121,0.8901230626687356,1.3583336966761124,18.076528045348923
power_avg_uW,hybrid_random_then_uncertainty,0,180,64,0.814721628184983,0.9267382949367562,1.3481524504269298,20.04360871593713
power_avg_uW,hybrid_random_then_uncertainty,0,200,64,0.8649936072930545,0.7907981062208016,1.1508104829342019,15.930546735921789
delay_avg_ns,random,1,20,64,0.16701645711026147,0.10601505165632236,0.16575168393714196,35.904817726976646
delay_avg_ns,random,1,40,64,0.20709285258605648,0.10858871922247543,0.16171522338359684,36.74765631070303
delay_avg_ns,random,1,60,64,0.6400425734138949,0.08203666303433732,0.10895955172115754,31.839569989117866
delay_avg_ns,random,1,80,64,0.5673244135521358,0.09256223035272768,0.11945956642635262,33.79095433850111
delay_avg_ns,random,1,100,64,0.7450013348564813,0.07272636576657854,0.09170831038555122,28.786451259501778
delay_avg_ns,random,1,120,64,0.7182196483462131,0.07355616378892818,0.09640400843661087,28.565710580036146
delay_avg_ns,random,1,140,64,0.7034085577633342,0.07982863105822431,0.09890518203316763,30.5266132835599
delay_avg_ns,random,1,160,64,0.8081403794126285,0.06196630533459927,0.0795484147339687,24.357298981805087
delay_avg_ns,random,1,180,64,0.8289058519950355,0.05854508979931916,0.07512030047359432,22.46949761149372
delay_avg_ns,random,1,200,64,0.8030325126609693,0.05778111907464222,0.0806003654692926,21.537293288841898
delay_avg_ns,uncertainty,1,20,64,0.16701645711026147,0.10601505165632236,0.16575168393714196,35.904817726976646
delay_avg_ns,uncertainty,1,40,64,0.5450288257126608,0.08110499152748846,0.12249875634049731,31.41918939819155
delay_avg_ns,uncertainty,1,60,64,0.37299612041928465,0.09663525326092307,0.14380528683667484,36.3340966134693
delay_avg_ns,uncertainty,1,80,64,0.6902209559385959,0.07410203681291878,0.1010801217359809,31.30459125159813
delay_avg_ns,uncertainty,1,100,64,0.7579027834418111,0.0652199953630591,0.08935824627240284,26.242433944021755
delay_avg_ns,uncertainty,1,120,64,0.7593309093872774,0.0655819133742771,0.08909429531057948,25.791655149862653
delay_avg_ns,uncertainty,1,140,64,0.8023281767288387,0.05912115753099365,0.08074434627072248,24.38073036768753
delay_avg_ns,uncertainty,1,160,64,0.8002218684177079,0.06153311690748236,0.08117339535651433,26.261037903549102
delay_avg_ns,uncertainty,1,180,64,0.8367488705060842,0.05617839979661994,0.07337833211244464,22.135692019799833
delay_avg_ns,uncertainty,1,200,64,0.7976831150946455,0.05680665883075993,0.08168753733515355,21.879938440229246
delay_avg_ns,hybrid_random_then_uncertainty,1,20,64,0.16701645711026136,0.10601505165632237,0.16575168393714196,35.90481772697665
delay_avg_ns,hybrid_random_then_uncertainty,1,40,64,0.20709285258605648,0.10858871922247543,0.16171522338359684,36.747656310703036
delay_avg_ns,hybrid_random_then_uncertainty,1,60,64,0.640042573413895,0.08203666303433729,0.10895955172115752,31.839569989117866
delay_avg_ns,hybrid_random_then_uncertainty,1,80,64,0.567324413552136,0.09256223035272768,0.11945956642635261,33.7909543385011
delay_avg_ns,hybrid_random_then_uncertainty,1,100,64,0.719124947277341,0.0768277427115059,0.09624902130467872,29.29664807069065
delay_avg_ns,hybrid_random_then_uncertainty,1,120,64,0.7445320244315665,0.07129986977544278,0.09179266353556424,27.342169495277847
delay_avg_ns,hybrid_random_then_uncertainty,1,140,64,0.7848067970579222,0.06782406144415393,0.08424691633685477,28.29630417552694
delay_avg_ns,hybrid_random_then_uncertainty,1,160,64,0.7940475564986856,0.05946148394525472,0.08241821665733118,24.244562566009876
delay_avg_ns,hybrid_random_then_uncertainty,1,180,64,0.8243396486387373,0.06059463211268094,0.07611611475768655,25.39477475240437
delay_avg_ns,hybrid_random_then_uncertainty,1,200,64,0.8214597688710346,0.05926159539468461,0.07673752449021436,23.302543976535404
power_avg_uW,random,1,20,64,0.7178352582402421,1.4202162701239047,1.706683127975747,37.039281463818405
power_avg_uW,random,1,40,64,0.8189180029169654,1.1571087870592556,1.3672223852595304,24.765362094786393
power_avg_uW,random,1,60,64,0.8777205141800165,0.908414676385479,1.1235135759252872,17.80684052798997
power_avg_uW,random,1,80,64,0.8647314140443643,0.9518716088481212,1.1816803062429715,18.25056911266589
power_avg_uW,random,1,100,64,0.8928936692694744,0.882282547004584,1.0514995552763011,18.202286436672093
power_avg_uW,random,1,120,64,0.8966931369263492,0.8165667778130168,1.0326808172950657,16.282354359184907
power_avg_uW,random,1,140,64,0.9035261233281293,0.7847080282283398,0.9979444973953004,15.45873248230239
power_avg_uW,random,1,160,64,0.9061887767606697,0.7759497472677952,0.9840766387350901,15.803941114965097
power_avg_uW,random,1,180,64,0.9145866070564929,0.7368298385814902,0.9389976592403688,14.724759099176312
power_avg_uW,random,1,200,64,0.9327546645698512,0.6919785389069738,0.833168044851955,14.537610072567809
power_avg_uW,uncertainty,1,20,64,0.7178352582402421,1.4202162701239045,1.706683127975747,37.039281463818405
power_avg_uW,uncertainty,1,40,64,0.7767758750149071,1.2515060445584472,1.5180011034631558,30.436287879446986
power_avg_uW,uncertainty,1,60,64,0.7985496471561588,1.1787654784252029,1.4420673326605968,27.903494485776264
power_avg_uW,uncertainty,1,80,64,0.8190265585002308,1.1071882132021948,1.3668125105168516,24.937026476672365
power_avg_uW,uncertainty,1,100,64,0.8528613816570384,0.9615920101679267,1.2324373725804452,20.66929456495584
power_avg_uW,uncertainty,1,120,64,0.868899032939183,0.9171369712221641,1.1633341316305303,19.67166590857105
power_avg_uW,uncertainty,1,140,64,0.9067121362893438,0.7982822672425562,0.9813277874098519,18.20008005921795
power_avg_uW,uncertainty,1,160,64,0.9147218267423323,0.7824727229624935,0.9382540916538967,18.482009904604794
power_avg_uW,uncertainty,1,180,64,0.9244790730691728,0.731571256415748,0.8829481044203309,17.491611778368885
power_avg_uW,uncertainty,1,200,64,0.932296912124325,0.6912877145441957,0.8359990060394716,17.41809765276988
power_avg_uW,hybrid_random_then_uncertainty,1,20,64,0.7178352582402421,1.4202162701239047,1.706683127975747,37.039281463818405
power_avg_uW,hybrid_random_then_uncertainty,1,40,64,0.8189180029169655,1.1571087870592556,1.3672223852595302,24.765362094786397
power_avg_uW,hybrid_random_then_uncertainty,1,60,64,0.8777205141800165,0.908414676385479,1.1235135759252872,17.80684052798997
power_avg_uW,hybrid_random_then_uncertainty,1,80,64,0.8647314140443643,0.9518716088481214,1.181680306242972,18.25056911266589
power_avg_uW,hybrid_random_then_uncertainty,1,100,64,0.8952960783268955,0.7931590226795299,1.0396400389678195,15.992408674669287
power_avg_uW,hybrid_random_then_uncertainty,1,120,64,0.8866800485026636,0.8531161963396989,1.081570199411088,17.693958868102193
power_avg_uW,hybrid_random_then_uncertainty,1,140,64,0.8985521701668991,0.808116867413283,1.0233469585732995,17.021092881454525
power_avg_uW,hybrid_random_then_uncertainty,1,160,64,0.9241015321340889,0.7098394802797694,0.8851523509027435,15.987688133113098
power_avg_uW,hybrid_random_then_uncertainty,1,180,64,0.9278494408682156,0.6996391644347827,0.8630210189787102,16.221932745508884
power_avg_uW,hybrid_random_then_uncertainty,1,200,64,0.9372067930044418,0.6617716849438862,0.80511488256518,13.81703264280011
delay_avg_ns,random,2,20,64,0.3595690654969238,0.1456925216651011,0.20348588073725693,54.24681007887418
delay_avg_ns,random,2,40,64,0.5661273031560164,0.10672735983459924,0.16748630065731215,33.06214308534364
delay_avg_ns,random,2,60,64,0.6510966433238261,0.09497710161384187,0.150193349741691,31.12360705473593
delay_avg_ns,random,2,80,64,0.7493184581043248,0.07939185432692109,0.12730905904346984,26.645884944092725
delay_avg_ns,random,2,100,64,0.7993129703688828,0.07237178942595954,0.11390893255482054,23.010171716047655
delay_avg_ns,random,2,120,64,0.8193103222259264,0.0720519394527466,0.1080848443018283,22.009564758531404
delay_avg_ns,random,2,140,64,0.8334339440739078,0.06782296537583701,0.10377467471390783,20.719976822405915
delay_avg_ns,random,2,160,64,0.8362915415035973,0.06239260281110748,0.10288064755718367,18.682561457643487
delay_avg_ns,random,2,180,64,0.8282945941917248,0.06190269431991888,0.10536348180207936,18.124517472875816
delay_avg_ns,random,2,200,64,0.8388638863487905,0.06310872908159115,0.10206916737548048,18.692223169816582
delay_avg_ns,uncertainty,2,20,64,0.3595690654969238,0.1456925216651011,0.20348588073725696,54.24681007887418
delay_avg_ns,uncertainty,2,40,64,0.5603896512571644,0.10580688946825893,0.16859010584420903,34.69834101045958
delay_avg_ns,uncertainty,2,60,64,0.6487983533572865,0.09096551218253711,0.15068721326134077,28.184129381589994
delay_avg_ns,uncertainty,2,80,64,0.8374734405176402,0.07003950420379391,0.10250859959810973,24.822751584753448
delay_avg_ns,uncertainty,2,100,64,0.8522723896164563,0.06910872053697503,0.09773024015742414,26.25139066893552
delay_avg_ns,uncertainty,2,120,64,0.8273886530855579,0.07424112650526472,0.10564107217251816,29.465389214335243
delay_avg_ns,uncertainty,2,140,64,0.8456146654398378,0.068626273049195,0.09990820383130863,26.758243449242812
delay_avg_ns,uncertainty,2,160,64,0.8365182664573775,0.06979044832899753,0.10280938156407247,26.38065295451794
delay_avg_ns,uncertainty,2,180,64,0.8354169137106202,0.06348422413586102,0.10315510621935421,22.53651536381252
delay_avg_ns,uncertainty,2,200,64,0.833581293254705,0.0656207524361411,0.10372876350931352,23.069910836989767
delay_avg_ns,hybrid_random_then_uncertainty,2,20,64,0.3595690654969239,0.1456925216651011,0.2034858807372569,54.24681007887418
delay_avg_ns,hybrid_random_then_uncertainty,2,40,64,0.5661273031560164,0.10672735983459924,0.16748630065731215,33.06214308534364
delay_avg_ns,hybrid_random_then_uncertainty,2,60,64,0.6510966433238261,0.09497710161384187,0.150193349741691,31.123607054735924
delay_avg_ns,hybrid_random_then_uncertainty,2,80,64,0.7493184581043247,0.07939185432692109,0.12730905904346984,26.645884944092725
delay_avg_ns,hybrid_random_then_uncertainty,2,100,64,0.8115972146196968,0.07508524589182373,0.11036764840632472,25.17623262218415
delay_avg_ns,hybrid_random_then_uncertainty,2,120,64,0.8384532002267923,0.0678728131802791,0.10219915597426497,22.94334210091926
delay_avg_ns,hybrid_random_then_uncertainty,2,140,64,0.8410548474378423,0.06547463177197782,0.10137287728912348,21.884613514569555
delay_avg_ns,hybrid_random_then_uncertainty,2,160,64,0.8428289648055938,0.06541866082148025,0.10080553674461384,21.7300081562502
delay_avg_ns,hybrid_random_then_uncertainty,2,180,64,0.8283478642623006,0.06628678190599543,0.10534713649403002,22.911091226441172
delay_avg_ns,hybrid_random_then_uncertainty,2,200,64,0.8536823537109489,0.06160292353985303,0.09726273614333615,20.908570477432615
power_avg_uW,random,2,20,64,0.6617647730717673,1.4313037755019224,1.97290714257436,24.81269198033827
power_avg_uW,random,2,40,64,0.7713091270887289,1.1558641997109578,1.6222644180148513,17.623375738955502
power_avg_uW,random,2,60,64,0.7687812441278459,1.1850244072055185,1.6312057985903272,18.55514514279729
power_avg_uW,random,2,80,64,0.7610800534940186,1.2226798920355906,1.6581485329128647,18.820458753152728
power_avg_uW,random,2,100,64,0.7868640066883076,1.171149494310347,1.5661221259153442,18.63489068453465
power_avg_uW,random,2,120,64,0.8000374711309073,1.0989711718406907,1.5169509449796355,16.82373121166107
power_avg_uW,random,2,140,64,0.8388877983767167,0.9760819686426294,1.3616373095083165,15.347171985887185
power_avg_uW,random,2,160,64,0.8676557203990747,0.8861259124379397,1.2340984695031105,14.956746928032299
power_avg_uW,random,2,180,64,0.8731103126538238,0.8682948009924718,1.2083990918827054,15.007607392840159
power_avg_uW,random,2,200,64,0.9077493295410951,0.7583722774443371,1.0303433968540148,13.448760144127444
power_avg_uW,uncertainty,2,20,64,0.6617647730717673,1.4313037755019224,1.9729071425743598,24.81269198033827
power_avg_uW,uncertainty,2,40,64,0.6892473014682566,1.3386003603334264,1.8910572674894321,19.70424512516477
power_avg_uW,uncertainty,2,60,64,0.7170394632769421,1.2214955726606935,1.8045136097093688,18.494018042363695
power_avg_uW,uncertainty,2,80,64,0.7550392053411938,1.15303536531514,1.6789799800341358,17.6158215794189
power_avg_uW,uncertainty,2,100,64,0.8207481277561164,0.9992818652674436,1.4362468090586753,15.919528266245214
power_avg_uW,uncertainty,2,120,64,0.8838925715814507,0.8640147734263395,1.1559185405396526,14.736101492846618
power_avg_uW,uncertainty,2,140,64,0.9045584226343606,0.8434521264623633,1.048011457730641,14.67423009862773
power_avg_uW,uncertainty,2,160,64,0.9024043079916774,0.841280048465797,1.0597722673335175,14.808816316771923
power_avg_uW,uncertainty,2,180,64,0.924653195089037,0.7188021306654435,0.9311714393701082,13.652335652550398
power_avg_uW,uncertainty,2,200,64,0.9228458869179295,0.7323408382827621,0.9422730460556324,13.628321987975184
power_avg_uW,hybrid_random_then_uncertainty,2,20,64,0.6617647730717672,1.4313037755019227,1.9729071425743603,24.81269198033827
power_avg_uW,hybrid_random_then_uncertainty,2,40,64,0.771309127088729,1.1558641997109578,1.6222644180148507,17.6233757389555
power_avg_uW,hybrid_random_then_uncertainty,2,60,64,0.7687812441278459,1.1850244072055185,1.6312057985903272,18.55514514279729
power_avg_uW,hybrid_random_then_uncertainty,2,80,64,0.7610800534940185,1.2226798920355906,1.658148532912865,18.820458753152725
power_avg_uW,hybrid_random_then_uncertainty,2,100,64,0.7977326234744796,1.0693147936502254,1.5256683868071819,16.793769837372214
power_avg_uW,hybrid_random_then_uncertainty,2,120,64,0.8067320308880671,1.0206161577984454,1.4913417226502919,16.33936998081448
power_avg_uW,hybrid_random_then_uncertainty,2,140,64,0.8529765845285752,0.9675378033786047,1.3007399538654172,16.209225142352672
power_avg_uW,hybrid_random_then_uncertainty,2,160,64,0.8665591411196896,0.8986683127628077,1.2392006737679484,15.011616378776486
power_avg_uW,hybrid_random_then_uncertainty,2,180,64,0.8699814711314909,0.9028657354566075,1.2232066979027938,15.300349050591445
power_avg_uW,hybrid_random_then_uncertainty,2,200,64,0.9151432457941678,0.7404456852795624,0.9881899540067947,14.402793297322763
delay_avg_ns,random,3,20,64,0.3618306544298542,0.10522996084449406,0.14913932148747802,45.131644363366405
delay_avg_ns,random,3,40,64,0.5377751708854566,0.08875769814002046,0.12692606866888048,36.330753049207146
delay_avg_ns,random,3,60,64,0.6136827128666037,0.0789605604308062,0.11603693924523914,32.568535182841785
delay_avg_ns,random,3,80,64,0.3378659755158301,0.09905549836992858,0.15191377152152902,37.51646955743593
delay_avg_ns,random,3,100,64,0.5563049165845293,0.08325163891956536,0.12435593052387177,33.3869309646124
delay_avg_ns,random,3,120,64,0.5958871461282138,0.07723121711509205,0.11867945018837088,29.7662707072032
delay_avg_ns,random,3,140,64,0.6793272089249693,0.06641545172868053,0.10571953623311416,25.585846014635287
delay_avg_ns,random,3,160,64,0.7257009400774028,0.06281963626278575,0.09777692005707062,25.255704817314097
delay_avg_ns,random,3,180,64,0.7330692716126639,0.06400150629303873,0.09645471878461065,25.17775322921501
delay_avg_ns,random,3,200,64,0.7473589141520594,0.06352814462813214,0.09383744688151317,25.27091833652193
delay_avg_ns,uncertainty,3,20,64,0.3618306544298542,0.10522996084449404,0.14913932148747802,45.131644363366405
delay_avg_ns,uncertainty,3,40,64,0.4554775608618682,0.09162484133279594,0.1377628389777351,38.351972773424635
delay_avg_ns,uncertainty,3,60,64,0.6800720381179994,0.07730551996816966,0.10559668706025734,34.65901909375266
delay_avg_ns,uncertainty,3,80,64,0.582225825707931,0.07801133100885362,0.12066879841225694,32.94999108048282
delay_avg_ns,uncertainty,3,100,64,0.7236523642199613,0.06930305428045946,0.09814135958754126,32.697008870157795
delay_avg_ns,uncertainty,3,120,64,0.7094086337042633,0.07385339740473584,0.10063882252002762,35.15934026762493
delay_avg_ns,uncertainty,3,140,64,0.7318185293458124,0.06937361636883578,0.09668043091124295,32.18990867793888
delay_avg_ns,uncertainty,3,160,64,0.7084350106647058,0.07313646067452567,0.10080727614777199,32.45595401323822
delay_avg_ns,uncertainty,3,180,64,0.7377155948287928,0.06703667750570438,0.09561156523924189,29.19048204979874
delay_avg_ns,uncertainty,3,200,64,0.7507460043029712,0.06447233561507562,0.09320629780053795,27.453855465801453
delay_avg_ns,hybrid_random_then_uncertainty,3,20,64,0.36183065442985396,0.10522996084449407,0.14913932148747805,45.131644363366405
delay_avg_ns,hybrid_random_then_uncertainty,3,40,64,0.5377751708854566,0.08875769814002045,0.12692606866888048,36.33075304920714
delay_avg_ns,hybrid_random_then_uncertainty,3,60,64,0.6136827128666037,0.07896056043080618,0.11603693924523914,32.56853518284177
delay_avg_ns,hybrid_random_then_uncertainty,3,80,64,0.33786597551583,0.0990554983699286,0.15191377152152902,37.51646955743593
delay_avg_ns,hybrid_random_then_uncertainty,3,100,64,0.7284138116009677,0.06435927309169187,0.09729220212793244,25.68667544631804
delay_avg_ns,hybrid_random_then_uncertainty,3,120,64,0.7331093711173597,0.0656357987081499,0.09644747358706056,26.782553236526162
delay_avg_ns,hybrid_random_then_uncertainty,3,140,64,0.7574489219283561,0.06169189948273918,0.0919445090238747,26.25377440014581
delay_avg_ns,hybrid_random_then_uncertainty,3,160,64,0.7764093074370343,0.060893727803756764,0.08827770904920729,26.118861288212337
delay_avg_ns,hybrid_random_then_uncertainty,3,180,64,0.7730585355570005,0.058988363838839986,0.08893672232480773,24.658955981702963
delay_avg_ns,hybrid_random_then_uncertainty,3,200,64,0.7644242233294805,0.06062780499935413,0.09061279136064357,25.315218800262286
power_avg_uW,random,3,20,64,0.7845982311568956,1.1282347080202126,1.4337273430428257,26.246339498586867
power_avg_uW,random,3,40,64,0.8396808770047208,0.8824199696401703,1.2369000282378535,15.685015106137373
power_avg_uW,random,3,60,64,0.8502231088261843,0.8794616629956187,1.195540633187538,17.361419475640954
power_avg_uW,random,3,80,64,0.8837227740470798,0.7848532974929735,1.0533901821322091,17.522262515797994
power_avg_uW,random,3,100,64,0.9059571741774723,0.7355633498728262,0.9473375903158349,15.920395673598534
power_avg_uW,random,3,120,64,0.928563891609943,0.6219815925842829,0.8256592086584833,13.666728081090001
power_avg_uW,random,3,140,64,0.9159536079902323,0.6956279557702678,0.8955739911010148,15.26275624911262
power_avg_uW,random,3,160,64,0.9239190686589498,0.624915022310991,0.8520789674382732,13.112691809198449
power_avg_uW,random,3,180,64,0.917719739944727,0.6867880662150194,0.886114336400964,14.891800676164863
power_avg_uW,random,3,200,64,0.9296236428172214,0.6436222537752054,0.8195120179725488,14.391160964657098
power_avg_uW,uncertainty,3,20,64,0.7845982311568955,1.1282347080202126,1.433727343042826,26.246339498586867
power_avg_uW,uncertainty,3,40,64,0.8189066639397835,1.0627384819475445,1.3145986133702825,25.684036623262465
power_avg_uW,uncertainty,3,60,64,0.8530674775670851,0.9799958752028749,1.184134139591598,25.540094171319584
power_avg_uW,uncertainty,3,80,64,0.7996882486141739,1.162294324820799,1.3825955326417092,31.15602515147654
power_avg_uW,uncertainty,3,100,64,0.8367376940978373,1.062166830154597,1.2482020694621772,28.64299583457923
power_avg_uW,uncertainty,3,120,64,0.8848011370284524,0.8818512357241028,1.0484941978103837,22.98871557133193
power_avg_uW,uncertainty,3,140,64,0.8890414126373956,0.8688021147827415,1.029016632934128,22.170284453708387
power_avg_uW,uncertainty,3,160,64,0.9110652888119519,0.7340635854417779,0.921250177913439,18.44186541092386
power_avg_uW,uncertainty,3,180,64,0.9211672966251248,0.6968057803314488,0.8673515224950615,17.179703700498884
power_avg_uW,uncertainty,3,200,64,0.9217893960900767,0.6818744093641026,0.8639224402573028,16.35566570822182
power_avg_uW,hybrid_random_then_uncertainty,3,20,64,0.7845982311568956,1.1282347080202126,1.4337273430428257,26.246339498586867
power_avg_uW,hybrid_random_then_uncertainty,3,40,64,0.8396808770047208,0.8824199696401702,1.2369000282378535,15.685015106137373
power_avg_uW,hybrid_random_then_uncertainty,3,60,64,0.8502231088261845,0.8794616629956187,1.1955406331875378,17.361419475640954
power_avg_uW,hybrid_random_then_uncertainty,3,80,64,0.8837227740470799,0.7848532974929733,1.0533901821322087,17.52226251579799
power_avg_uW,hybrid_random_then_uncertainty,3,100,64,0.8878747535606897,0.7849815184790427,1.0344122154245683,17.79641175450842
power_avg_uW,hybrid_random_then_uncertainty,3,120,64,0.8785041726296283,0.7914317055396696,1.076769180625483,16.664898955954534
power_avg_uW,hybrid_random_then_uncertainty,3,140,64,0.8953773981846063,0.8021496278058864,0.9992052178788997,17.154358437844714
power_avg_uW,hybrid_random_then_uncertainty,3,160,64,0.9202905366283769,0.6963598136245457,0.872161432264233,15.97230049932133
power_avg_uW,hybrid_random_then_uncertainty,3,180,64,0.9296062369767598,0.6618236965626552,0.8196133546582033,15.349933796477815
power_avg_uW,hybrid_random_then_uncertainty,3,200,64,0.9405153559395872,0.6283592643686683,0.7534325327353409,14.655631844321032
delay_avg_ns,random,4,20,64,0.40543152292033524,0.12119341432753596,0.16375383008061037,51.032241982270364
delay_avg_ns,random,4,40,64,0.5292155878711878,0.09988319149286301,0.14571409521768314,40.51865938548841
delay_avg_ns,random,4,60,64,0.522253053400265,0.1001273609819672,0.14678763950561027,36.98636130012949
delay_avg_ns,random,4,80,64,0.6586133494685548,0.07705992234286382,0.12408343110755932,26.950463157079724
delay_avg_ns,random,4,100,64,0.6434149213631821,0.07649601565640243,0.12681543322205818,25.512721050830166
delay_avg_ns,random,4,120,64,0.627220587337731,0.0785657999119727,0.12966312565544735,25.56893131051633
delay_avg_ns,random,4,140,64,0.6781261879189225,0.0710192859481311,0.12048510165049588,22.08809153205195
delay_avg_ns,random,4,160,64,0.6890699414063777,0.07233589882317171,0.11841913405526928,23.697613799909693
delay_avg_ns,random,4,180,64,0.6870521468910199,0.07416067615842271,0.1188027558113041,23.74297265052193
delay_avg_ns,random,4,200,64,0.7202628147531536,0.06826322923616703,0.11232220665963838,22.091308063700442
delay_avg_ns,uncertainty,4,20,64,0.40543152292033524,0.12119341432753594,0.16375383008061037,51.032241982270364
delay_avg_ns,uncertainty,4,40,64,0.42386974806452593,0.12447887177649375,0.1611947402179432,55.913213671659925
delay_avg_ns,uncertainty,4,60,64,0.5309618556177924,0.11060248045865886,0.14544359749272578,50.87630326855852
delay_avg_ns,uncertainty,4,80,64,0.6464716811618803,0.09388360657301487,0.1262707123774694,41.42252885259469
delay_avg_ns,uncertainty,4,100,64,0.7013230387449492,0.08611494192315337,0.11606235772191013,35.075105432751116
delay_avg_ns,uncertainty,4,120,64,0.7888475556375472,0.0738701334456883,0.09758623962267444,31.70601405094095
delay_avg_ns,uncertainty,4,140,64,0.7808601790388778,0.07197706450304828,0.09941483083677873,32.16376212355008
delay_avg_ns,uncertainty,4,160,64,0.7601909756671495,0.07600604416376187,0.10399759298031347,32.90185046240356
delay_avg_ns,uncertainty,4,180,64,0.7748308430307189,0.07268452402149471,0.10077318328285996,29.75103867682719
delay_avg_ns,uncertainty,4,200,64,0.7705210760719634,0.07438191238792782,0.10173301813023299,29.093752790671356
delay_avg_ns,hybrid_random_then_uncertainty,4,20,64,0.40543152292033546,0.12119341432753594,0.1637538300806103,51.032241982270364
delay_avg_ns,hybrid_random_then_uncertainty,4,40,64,0.5292155878711878,0.099883191492863,0.14571409521768314,40.51865938548841
delay_avg_ns,hybrid_random_then_uncertainty,4,60,64,0.522253053400265,0.1001273609819672,0.14678763950561027,36.98636130012949
delay_avg_ns,hybrid_random_then_uncertainty,4,80,64,0.6586133494685547,0.07705992234286385,0.12408343110755933,26.950463157079728
delay_avg_ns,hybrid_random_then_uncertainty,4,100,64,0.7156798874833642,0.07543892535224012,0.11323855472327708,26.980148222390866
delay_avg_ns,hybrid_random_then_uncertainty,4,120,64,0.7354729724778764,0.07875550128649189,0.10922588003622917,29.293054829968867
delay_avg_ns,hybrid_random_then_uncertainty,4,140,64,0.7393167880046925,0.07946435842469879,0.10842940094198464,31.051268962456113
delay_avg_ns,hybrid_random_then_uncertainty,4,160,64,0.7643780162937064,0.07276955300431961,0.10308570149080724,27.394421816459747
delay_avg_ns,hybrid_random_then_uncertainty,4,180,64,0.7690868293404491,0.07145611480677237,0.10205043937881307,26.15823218962634
delay_avg_ns,hybrid_random_then_uncertainty,4,200,64,0.7825793243998045,0.06828192391872831,0.0990241098375744,25.1708744010402
power_avg_uW,random,4,20,64,0.6263544871139151,1.5517219055359204,1.88343126532623,36.29503757910803
power_avg_uW,random,4,40,64,0.831745780228554,1.0298587691065224,1.263871359498429,25.38366490479535
power_avg_uW,random,4,60,64,0.8448320331371321,0.9146244916940511,1.2137267529882962,17.301900873886428
power_avg_uW,random,4,80,64,0.8371793997004726,0.9359523679889012,1.2432960839183511,17.339315861147213
power_avg_uW,random,4,100,64,0.8266801641915349,0.9831237545150253,1.2827559104623367,18.110225825330957
power_avg_uW,random,4,120,64,0.8727796890060389,0.8391652076040346,1.0990010728220343,15.615922030640986
power_avg_uW,random,4,140,64,0.8837820952524634,0.8142470529689189,1.050404105790531,15.104555708477523
power_avg_uW,random,4,160,64,0.8976313795343266,0.7681628521915306,0.9858329172582045,14.551064672181038
power_avg_uW,random,4,180,64,0.8972140540484618,0.7812523018767192,0.987840342729213,14.53443055457968
power_avg_uW,random,4,200,64,0.9070370302788683,0.7516580999669629,0.9394526252601294,14.207732771976536
power_avg_uW,uncertainty,4,20,64,0.6263544871139151,1.5517219055359206,1.88343126532623,36.29503757910803
power_avg_uW,uncertainty,4,40,64,0.7270039500526988,1.3339623321526743,1.6098969274351875,26.219755793924143
power_avg_uW,uncertainty,4,60,64,0.7218982565956809,1.3732437074435766,1.6248816929793013,26.797245376854118
power_avg_uW,uncertainty,4,80,64,0.8274850588499567,1.0485672044818537,1.2797738949408246,21.73840999519087
power_avg_uW,uncertainty,4,100,64,0.8334984814480672,1.0163275168761183,1.2572712634764327,22.208160676287424
power_avg_uW,uncertainty,4,120,64,0.8445827258835101,0.9774843785024252,1.2147014046655895,21.841929645702944
power_avg_uW,uncertainty,4,140,64,0.8644362224278054,0.9233492414077533,1.134466617667145,20.222281313235037
power_avg_uW,uncertainty,4,160,64,0.8849724934870277,0.8499029955713671,1.0450107130899708,17.174833872905037
power_avg_uW,uncertainty,4,180,64,0.8917737953256918,0.7927195841750562,1.0136455176606178,15.84786618066838
power_avg_uW,uncertainty,4,200,64,0.9050529936148308,0.7694264250033581,0.949424704459537,15.337493614220083
power_avg_uW,hybrid_random_then_uncertainty,4,20,64,0.6263544871139151,1.5517219055359202,1.88343126532623,36.29503757910803
power_avg_uW,hybrid_random_then_uncertainty,4,40,64,0.8317457802285542,1.0298587691065222,1.2638713594984288,25.383664904795346
power_avg_uW,hybrid_random_then_uncertainty,4,60,64,0.844832033137132,0.9146244916940512,1.2137267529882965,17.30190087388643
power_avg_uW,hybrid_random_then_uncertainty,4,80,64,0.8371793997004727,0.935952367988901,1.243296083918351,17.339315861147213
power_avg_uW,hybrid_random_then_uncertainty,4,100,64,0.8181488027618767,1.050446689846099,1.3139473769056167,19.414396438314334
power_avg_uW,hybrid_random_then_uncertainty,4,120,64,0.8469855402763301,0.9144659004903475,1.205274939131628,16.869304562438607
power_avg_uW,hybrid_random_then_uncertainty,4,140,64,0.8623731080629085,0.8393693678184375,1.1430666158589742,15.975478347556768
power_avg_uW,hybrid_random_then_uncertainty,4,160,64,0.894068506845143,0.7748768936631948,1.0028418211408938,14.343972961830437
power_avg_uW,hybrid_random_then_uncertainty,4,180,64,0.9063320450987747,0.7785432386264521,0.9430080693233862,15.203152579625728
power_avg_uW,hybrid_random_then_uncertainty,4,200,64,0.907249617504538,0.7798950699485079,0.9383778428185433,15.108545805277965
